timestamp_frame,target_id,pcg_x,pcg_y,alvo_x,alvo_y,pred_x,pred_y,angular_error_frame_deg,avg_angular_error_target_deg
1759282764.408137,0,None,None,137.14,108.00,None,None,None,None
1759282764.428506,0,None,None,137.14,108.00,None,None,None,None
1759282764.475163,0,None,None,137.14,108.00,None,None,None,None
1759282764.487334,0,None,None,137.14,108.00,None,None,None,None
1759282764.522762,0,None,None,137.14,108.00,None,None,None,None
1759282764.556045,0,None,None,137.14,108.00,None,None,None,None
1759282764.587210,0,None,None,137.14,108.00,None,None,None,None
1759282764.602828,0,None,None,137.14,108.00,None,None,None,None
1759282764.620629,0,None,None,137.14,108.00,None,None,None,None
1759282764.642594,0,None,None,137.14,108.00,None,None,None,None
1759282764.675803,0,None,None,137.14,108.00,None,None,None,None
1759282764.694572,0,None,None,137.14,108.00,None,None,None,None
1759282764.734366,0,None,None,137.14,108.00,None,None,None,None
1759282764.752141,0,None,None,137.14,108.00,None,None,None,None
1759282764.780277,0,None,None,137.14,108.00,None,None,None,None
1759282764.806798,0,None,None,137.14,108.00,None,None,None,None
1759282764.829792,0,None,None,137.14,108.00,None,None,None,None
1759282764.861394,0,None,None,137.14,108.00,None,None,None,None
1759282764.888423,0,None,None,137.14,108.00,None,None,None,None
1759282764.919890,0,None,None,137.14,108.00,None,None,None,None
1759282764.939154,0,None,None,137.14,108.00,None,None,None,None
1759282764.965095,0,None,None,137.14,108.00,None,None,None,None
1759282764.994122,0,None,None,137.14,108.00,None,None,None,None
1759282765.006491,0,None,None,137.14,108.00,None,None,None,None
1759282765.042953,0,None,None,137.14,108.00,None,None,None,None
1759282765.064857,0,None,None,137.14,108.00,None,None,None,None
1759282765.078962,0,None,None,137.14,108.00,None,None,None,None
1759282765.113770,0,None,None,137.14,108.00,None,None,None,None
1759282765.135393,0,None,None,137.14,108.00,None,None,None,None
1759282765.153991,0,None,None,137.14,108.00,None,None,None,None
1759282765.190964,0,None,None,137.14,108.00,None,None,None,None
1759282765.209057,0,None,None,137.14,108.00,None,None,None,None
1759282765.233078,0,None,None,137.14,108.00,None,None,None,None
1759282765.260514,0,None,None,137.14,108.00,None,None,None,None
1759282765.278030,0,None,None,137.14,108.00,None,None,None,None
1759282765.294742,0,None,None,137.14,108.00,None,None,None,None
1759282765.329834,0,None,None,137.14,108.00,None,None,None,None
1759282765.342939,0,None,None,137.14,108.00,None,None,None,None
1759282765.376235,0,None,None,137.14,108.00,None,None,None,None
1759282765.395774,0,None,None,137.14,108.00,None,None,None,None
1759282765.409617,0,None,None,137.14,108.00,None,None,None,None
1759282765.440578,0,None,None,137.14,108.00,None,None,None,None
1759282765.468056,0,None,None,137.14,108.00,None,None,None,None
1759282765.493079,0,None,None,137.14,108.00,None,None,None,None
1759282765.517992,0,None,None,137.14,108.00,None,None,None,None
1759282765.538263,0,None,None,137.14,108.00,None,None,None,None
1759282765.561090,0,None,None,137.14,108.00,None,None,None,None
1759282765.593110,0,None,None,137.14,108.00,None,None,None,None
1759282765.610786,0,None,None,137.14,108.00,None,None,None,None
1759282765.641470,0,None,None,137.14,108.00,None,None,None,None
1759282765.662694,0,None,None,137.14,108.00,None,None,None,None
1759282765.677928,0,None,None,137.14,108.00,None,None,None,None
1759282765.701397,0,None,None,137.14,108.00,None,None,None,None
1759282765.732590,0,None,None,137.14,108.00,None,None,None,None
1759282765.747899,0,None,None,137.14,108.00,None,None,None,None
1759282765.783834,0,None,None,137.14,108.00,None,None,None,None
1759282765.808097,0,None,None,137.14,108.00,None,None,None,None
1759282765.833138,0,None,None,137.14,108.00,None,None,None,None
1759282765.857163,0,None,None,137.14,108.00,None,None,None,None
1759282765.873955,0,None,None,137.14,108.00,None,None,None,None
1759282765.890841,0,None,None,137.14,108.00,None,None,None,None
1759282765.921151,0,None,None,137.14,108.00,None,None,None,None
1759282765.937552,0,None,None,137.14,108.00,None,None,None,None
1759282765.969085,0,None,None,137.14,108.00,None,None,None,None
1759282765.996268,0,None,None,137.14,108.00,None,None,None,None
1759282766.010140,0,None,None,137.14,108.00,None,None,None,None
1759282766.047235,0,None,None,137.14,108.00,None,None,None,None
1759282766.066869,0,None,None,137.14,108.00,None,None,None,None
1759282766.091802,0,None,None,137.14,108.00,None,None,None,None
1759282766.115689,0,None,None,137.14,108.00,None,None,None,None
1759282766.139531,0,None,None,137.14,108.00,None,None,None,None
1759282766.165087,0,None,None,137.14,108.00,None,None,None,None
1759282766.193135,0,None,None,137.14,108.00,None,None,None,None
1759282766.211348,0,None,None,137.14,108.00,None,None,None,None
1759282766.228496,0,None,None,137.14,108.00,None,None,None,None
1759282766.261091,0,None,None,137.14,108.00,None,None,None,None
1759282766.276266,0,None,None,137.14,108.00,None,None,None,None
1759282766.304657,0,None,None,137.14,108.00,None,None,None,None
1759282766.326032,0,None,None,137.14,108.00,None,None,None,None
1759282766.345576,0,None,None,137.14,108.00,None,None,None,None
1759282766.375009,0,None,None,137.14,108.00,None,None,None,None
1759282766.403340,1,None,None,411.43,108.00,None,None,None,None
1759282766.425770,1,None,None,411.43,108.00,None,None,None,None
1759282766.453995,1,None,None,411.43,108.00,None,None,None,None
1759282766.470930,1,None,None,411.43,108.00,None,None,None,None
1759282766.499524,1,None,None,411.43,108.00,None,None,None,None
1759282766.525095,1,None,None,411.43,108.00,None,None,None,None
1759282766.541578,1,None,None,411.43,108.00,None,None,None,None
1759282766.559149,1,None,None,411.43,108.00,None,None,None,None
1759282766.581981,1,None,None,411.43,108.00,None,None,None,None
1759282766.602935,1,None,None,411.43,108.00,None,None,None,None
1759282766.633420,1,None,None,411.43,108.00,None,None,None,None
1759282766.665222,1,None,None,411.43,108.00,None,None,None,None
1759282766.684471,1,None,None,411.43,108.00,None,None,None,None
1759282766.699375,1,None,None,411.43,108.00,None,None,None,None
1759282766.717844,1,None,None,411.43,108.00,None,None,None,None
1759282766.753136,1,None,None,411.43,108.00,None,None,None,None
1759282766.768972,1,None,None,411.43,108.00,None,None,None,None
1759282766.797087,1,None,None,411.43,108.00,None,None,None,None
1759282766.820241,1,None,None,411.43,108.00,None,None,None,None
1759282766.837694,1,None,None,411.43,108.00,None,None,None,None
1759282766.855953,1,None,None,411.43,108.00,None,None,None,None
1759282766.876193,1,None,None,411.43,108.00,None,None,None,None
1759282766.896247,1,None,None,411.43,108.00,None,None,None,None
1759282766.923231,1,None,None,411.43,108.00,None,None,None,None
1759282766.957091,1,None,None,411.43,108.00,None,None,None,None
1759282766.970662,1,None,None,411.43,108.00,None,None,None,None
1759282766.995940,1,None,None,411.43,108.00,None,None,None,None
1759282767.013116,1,None,None,411.43,108.00,None,None,None,None
1759282767.041722,1,None,None,411.43,108.00,None,None,None,None
1759282767.057733,1,None,None,411.43,108.00,None,None,None,None
1759282767.093158,1,None,None,411.43,108.00,None,None,None,None
1759282767.114986,1,None,None,411.43,108.00,None,None,None,None
1759282767.141272,1,None,None,411.43,108.00,None,None,None,None
1759282767.175198,1,None,None,411.43,108.00,None,None,None,None
1759282767.196144,1,None,None,411.43,108.00,None,None,None,None
1759282767.214792,1,None,None,411.43,108.00,None,None,None,None
1759282767.233197,1,None,None,411.43,108.00,None,None,None,None
1759282767.259607,1,None,None,411.43,108.00,None,None,None,None
1759282767.273184,1,None,None,411.43,108.00,None,None,None,None
1759282767.308002,1,None,None,411.43,108.00,None,None,None,None
1759282767.331624,1,None,None,411.43,108.00,None,None,None,None
1759282767.346924,1,None,None,411.43,108.00,None,None,None,None
1759282767.363192,1,None,None,411.43,108.00,None,None,None,None
1759282767.392371,1,None,None,411.43,108.00,None,None,None,None
1759282767.414259,1,None,None,411.43,108.00,None,None,None,None
1759282767.430977,1,None,None,411.43,108.00,None,None,None,None
1759282767.468340,1,None,None,411.43,108.00,None,None,None,None
1759282767.486957,1,None,None,411.43,108.00,None,None,None,None
1759282767.513370,1,None,None,411.43,108.00,None,None,None,None
1759282767.533130,1,None,None,411.43,108.00,None,None,None,None
1759282767.565301,1,None,None,411.43,108.00,None,None,None,None
1759282767.595864,1,None,None,411.43,108.00,None,None,None,None
1759282767.611253,1,None,None,411.43,108.00,None,None,None,None
1759282767.640830,1,None,None,411.43,108.00,None,None,None,None
1759282767.669414,1,None,None,411.43,108.00,None,None,None,None
1759282767.698031,1,None,None,411.43,108.00,None,None,None,None
1759282767.743107,1,None,None,411.43,108.00,None,None,None,None
1759282767.784611,1,None,None,411.43,108.00,None,None,None,None
1759282767.808136,1,None,None,411.43,108.00,None,None,None,None
1759282767.837165,1,None,None,411.43,108.00,None,None,None,None
1759282767.861148,1,None,None,411.43,108.00,None,None,None,None
1759282767.873703,1,None,None,411.43,108.00,None,None,None,None
1759282767.900072,1,None,None,411.43,108.00,None,None,None,None
1759282767.936509,1,None,None,411.43,108.00,None,None,None,None
1759282767.956884,1,None,None,411.43,108.00,None,None,None,None
1759282767.985351,1,None,None,411.43,108.00,None,None,None,None
1759282768.000945,1,None,None,411.43,108.00,None,None,None,None
1759282768.029146,1,None,None,411.43,108.00,None,None,None,None
1759282768.060260,1,None,None,411.43,108.00,None,None,None,None
1759282768.075253,1,None,None,411.43,108.00,None,None,None,None
1759282768.101085,1,None,None,411.43,108.00,None,None,None,None
1759282768.131100,1,None,None,411.43,108.00,None,None,None,None
1759282768.145916,1,None,None,411.43,108.00,None,None,None,None
1759282768.169077,1,None,None,411.43,108.00,None,None,None,None
1759282768.196356,1,None,None,411.43,108.00,None,None,None,None
1759282768.210669,1,None,None,411.43,108.00,None,None,None,None
1759282768.229081,1,None,None,411.43,108.00,None,None,None,None
1759282768.260837,1,None,None,411.43,108.00,None,None,None,None
1759282768.278427,1,None,None,411.43,108.00,None,None,None,None
1759282768.307292,1,None,None,411.43,108.00,None,None,None,None
1759282768.330310,1,None,None,411.43,108.00,None,None,None,None
1759282768.361086,1,None,None,411.43,108.00,None,None,None,None
1759282768.381148,1,None,None,411.43,108.00,None,None,None,None
1759282768.401271,2,None,None,685.71,108.00,None,None,None,None
1759282768.417886,2,None,None,685.71,108.00,None,None,None,None
1759282768.431935,2,None,None,685.71,108.00,None,None,None,None
1759282768.460766,2,None,None,685.71,108.00,None,None,None,None
1759282768.474382,2,None,None,685.71,108.00,None,None,None,None
1759282768.499414,2,None,None,685.71,108.00,None,None,None,None
1759282768.529233,2,None,None,685.71,108.00,None,None,None,None
1759282768.542619,2,None,None,685.71,108.00,None,None,None,None
1759282768.569746,2,None,None,685.71,108.00,None,None,None,None
1759282768.599520,2,None,None,685.71,108.00,None,None,None,None
1759282768.614597,2,None,None,685.71,108.00,None,None,None,None
1759282768.645377,2,None,None,685.71,108.00,None,None,None,None
1759282768.666062,2,None,None,685.71,108.00,None,None,None,None
1759282768.693083,2,None,None,685.71,108.00,None,None,None,None
1759282768.711980,2,None,None,685.71,108.00,None,None,None,None
1759282768.737137,2,None,None,685.71,108.00,None,None,None,None
1759282768.761138,2,None,None,685.71,108.00,None,None,None,None
1759282768.789134,2,None,None,685.71,108.00,None,None,None,None
1759282768.804931,2,None,None,685.71,108.00,None,None,None,None
1759282768.840558,2,None,None,685.71,108.00,None,None,None,None
1759282768.863539,2,None,None,685.71,108.00,None,None,None,None
1759282768.877307,2,None,None,685.71,108.00,None,None,None,None
1759282768.901243,2,None,None,685.71,108.00,None,None,None,None
1759282768.933262,2,None,None,685.71,108.00,None,None,None,None
1759282768.947822,2,None,None,685.71,108.00,None,None,None,None
1759282768.969730,2,None,None,685.71,108.00,None,None,None,None
1759282768.995097,2,None,None,685.71,108.00,None,None,None,None
1759282769.033083,2,None,None,685.71,108.00,None,None,None,None
1759282769.057104,2,None,None,685.71,108.00,None,None,None,None
1759282769.077463,2,None,None,685.71,108.00,None,None,None,None
1759282769.099566,2,None,None,685.71,108.00,None,None,None,None
1759282769.128447,2,None,None,685.71,108.00,None,None,None,None
1759282769.145457,2,None,None,685.71,108.00,None,None,None,None
1759282769.181555,2,None,None,685.71,108.00,None,None,None,None
1759282769.203045,2,None,None,685.71,108.00,None,None,None,None
1759282769.218587,2,None,None,685.71,108.00,None,None,None,None
1759282769.239659,2,None,None,685.71,108.00,None,None,None,None
1759282769.263607,2,None,None,685.71,108.00,None,None,None,None
1759282769.277469,2,None,None,685.71,108.00,None,None,None,None
1759282769.295787,2,None,None,685.71,108.00,None,None,None,None
1759282769.318760,2,None,None,685.71,108.00,None,None,None,None
1759282769.346169,2,None,None,685.71,108.00,None,None,None,None
1759282769.369265,2,None,None,685.71,108.00,None,None,None,None
1759282769.393260,2,None,None,685.71,108.00,None,None,None,None
1759282769.407749,2,None,None,685.71,108.00,None,None,None,None
1759282769.441279,2,None,None,685.71,108.00,None,None,None,None
1759282769.465134,2,None,None,685.71,108.00,None,None,None,None
1759282769.493160,2,None,None,685.71,108.00,None,None,None,None
1759282769.517173,2,None,None,685.71,108.00,None,None,None,None
1759282769.533079,2,None,None,685.71,108.00,None,None,None,None
1759282769.549807,2,None,None,685.71,108.00,None,None,None,None
1759282769.572074,2,None,None,685.71,108.00,None,None,None,None
1759282769.602067,2,None,None,685.71,108.00,None,None,None,None
1759282769.629767,2,None,None,685.71,108.00,None,None,None,None
1759282769.652721,2,None,None,685.71,108.00,None,None,None,None
1759282769.673560,2,None,None,685.71,108.00,None,None,None,None
1759282769.700612,2,None,None,685.71,108.00,None,None,None,None
1759282769.725103,2,None,None,685.71,108.00,None,None,None,None
1759282769.745276,2,None,None,685.71,108.00,None,None,None,None
1759282769.760943,2,None,None,685.71,108.00,None,None,None,None
1759282769.797114,2,None,None,685.71,108.00,None,None,None,None
1759282769.818141,2,None,None,685.71,108.00,None,None,None,None
1759282769.833845,2,None,None,685.71,108.00,None,None,None,None
1759282769.865077,2,None,None,685.71,108.00,None,None,None,None
1759282769.887619,2,None,None,685.71,108.00,None,None,None,None
1759282769.907945,2,None,None,685.71,108.00,None,None,None,None
1759282769.940007,2,None,None,685.71,108.00,None,None,None,None
1759282769.956464,2,None,None,685.71,108.00,None,None,None,None
1759282769.997066,2,None,None,685.71,108.00,None,None,None,None
1759282770.018077,2,None,None,685.71,108.00,None,None,None,None
1759282770.034071,2,None,None,685.71,108.00,None,None,None,None
1759282770.073066,2,None,None,685.71,108.00,None,None,None,None
1759282770.088103,2,None,None,685.71,108.00,None,None,None,None
1759282770.118814,2,None,None,685.71,108.00,None,None,None,None
1759282770.141095,2,None,None,685.71,108.00,None,None,None,None
1759282770.155879,2,None,None,685.71,108.00,None,None,None,None
1759282770.180708,2,None,None,685.71,108.00,None,None,None,None
1759282770.195769,2,None,None,685.71,108.00,None,None,None,None
1759282770.216768,2,None,None,685.71,108.00,None,None,None,None
1759282770.233629,2,None,None,685.71,108.00,None,None,None,None
1759282770.277173,2,None,None,685.71,108.00,None,None,None,None
1759282770.299125,2,None,None,685.71,108.00,None,None,None,None
1759282770.342754,2,None,None,685.71,108.00,None,None,None,None
1759282770.355519,2,None,None,685.71,108.00,None,None,None,None
1759282770.401383,2,None,None,685.71,108.00,None,None,None,None
1759282770.435957,3,None,None,960.00,108.00,None,None,None,None
1759282770.454118,3,None,None,960.00,108.00,None,None,None,None
1759282770.474648,3,None,None,960.00,108.00,None,None,None,None
1759282770.500294,3,None,None,960.00,108.00,None,None,None,None
1759282770.528889,3,None,None,960.00,108.00,None,None,None,None
1759282770.542773,3,None,None,960.00,108.00,None,None,None,None
1759282770.577047,3,None,None,960.00,108.00,None,None,None,None
1759282770.602803,3,None,None,960.00,108.00,None,None,None,None
1759282770.628022,3,None,None,960.00,108.00,None,None,None,None
1759282770.648283,3,None,None,960.00,108.00,None,None,None,None
1759282770.670961,3,None,None,960.00,108.00,None,None,None,None
1759282770.689664,3,None,None,960.00,108.00,None,None,None,None
1759282770.712266,3,None,None,960.00,108.00,None,None,None,None
1759282770.734011,3,None,None,960.00,108.00,None,None,None,None
1759282770.761178,3,None,None,960.00,108.00,None,None,None,None
1759282770.781630,3,None,None,960.00,108.00,None,None,None,None
1759282770.801520,3,None,None,960.00,108.00,None,None,None,None
1759282770.816111,3,None,None,960.00,108.00,None,None,None,None
1759282770.838351,3,None,None,960.00,108.00,None,None,None,None
1759282770.861224,3,None,None,960.00,108.00,None,None,None,None
1759282770.879355,3,None,None,960.00,108.00,None,None,None,None
1759282770.898048,3,None,None,960.00,108.00,None,None,None,None
1759282770.931120,3,None,None,960.00,108.00,None,None,None,None
1759282770.947600,3,None,None,960.00,108.00,None,None,None,None
1759282770.961453,3,None,None,960.00,108.00,None,None,None,None
1759282771.001128,3,None,None,960.00,108.00,None,None,None,None
1759282771.016630,3,None,None,960.00,108.00,None,None,None,None
1759282771.031949,3,None,None,960.00,108.00,None,None,None,None
1759282771.065098,3,None,None,960.00,108.00,None,None,None,None
1759282771.088203,3,None,None,960.00,108.00,None,None,None,None
1759282771.118990,3,None,None,960.00,108.00,None,None,None,None
1759282771.142502,3,None,None,960.00,108.00,None,None,None,None
1759282771.160622,3,None,None,960.00,108.00,None,None,None,None
1759282771.185119,3,None,None,960.00,108.00,None,None,None,None
1759282771.205236,3,None,None,960.00,108.00,None,None,None,None
1759282771.227563,3,None,None,960.00,108.00,None,None,None,None
1759282771.239870,3,None,None,960.00,108.00,None,None,None,None
1759282771.269130,3,None,None,960.00,108.00,None,None,None,None
1759282771.289269,3,None,None,960.00,108.00,None,None,None,None
1759282771.307715,3,None,None,960.00,108.00,None,None,None,None
1759282771.321511,3,None,None,960.00,108.00,None,None,None,None
1759282771.349105,3,None,None,960.00,108.00,None,None,None,None
1759282771.373266,3,None,None,960.00,108.00,None,None,None,None
1759282771.391284,3,None,None,960.00,108.00,None,None,None,None
1759282771.416092,3,None,None,960.00,108.00,None,None,None,None
1759282771.428185,3,None,None,960.00,108.00,None,None,None,None
1759282771.454295,3,None,None,960.00,108.00,None,None,None,None
1759282771.468136,3,None,None,960.00,108.00,None,None,None,None
1759282771.482980,3,None,None,960.00,108.00,None,None,None,None
1759282771.508266,3,None,None,960.00,108.00,None,None,None,None
1759282771.536284,3,None,None,960.00,108.00,None,None,None,None
1759282771.568339,3,None,None,960.00,108.00,None,None,None,None
1759282771.593770,3,None,None,960.00,108.00,None,None,None,None
1759282771.608775,3,None,None,960.00,108.00,None,None,None,None
1759282771.629142,3,None,None,960.00,108.00,None,None,None,None
1759282771.652584,3,None,None,960.00,108.00,None,None,None,None
1759282771.675034,3,None,None,960.00,108.00,None,None,None,None
1759282771.708988,3,None,None,960.00,108.00,None,None,None,None
1759282771.730784,3,None,None,960.00,108.00,None,None,None,None
1759282771.746291,3,None,None,960.00,108.00,None,None,None,None
1759282771.769188,3,None,None,960.00,108.00,None,None,None,None
1759282771.787565,3,None,None,960.00,108.00,None,None,None,None
1759282771.829066,3,None,None,960.00,108.00,None,None,None,None
1759282771.857076,3,None,None,960.00,108.00,None,None,None,None
1759282771.874929,3,None,None,960.00,108.00,None,None,None,None
1759282771.897120,3,None,None,960.00,108.00,None,None,None,None
1759282771.919353,3,None,None,960.00,108.00,None,None,None,None
1759282771.939970,3,None,None,960.00,108.00,None,None,None,None
1759282771.957133,3,None,None,960.00,108.00,None,None,None,None
1759282771.975009,3,None,None,960.00,108.00,None,None,None,None
1759282771.997081,3,None,None,960.00,108.00,None,None,None,None
1759282772.013432,3,None,None,960.00,108.00,None,None,None,None
1759282772.027937,3,None,None,960.00,108.00,None,None,None,None
1759282772.049924,3,None,None,960.00,108.00,None,None,None,None
1759282772.077283,3,None,None,960.00,108.00,None,None,None,None
1759282772.098125,3,None,None,960.00,108.00,None,None,None,None
1759282772.133121,3,None,None,960.00,108.00,None,None,None,None
1759282772.151735,3,None,None,960.00,108.00,None,None,None,None
1759282772.177103,3,None,None,960.00,108.00,None,None,None,None
1759282772.197462,3,None,None,960.00,108.00,None,None,None,None
1759282772.220500,3,None,None,960.00,108.00,None,None,None,None
1759282772.245122,3,None,None,960.00,108.00,None,None,None,None
1759282772.265433,3,None,None,960.00,108.00,None,None,None,None
1759282772.285342,3,None,None,960.00,108.00,None,None,None,None
1759282772.313184,3,None,None,960.00,108.00,None,None,None,None
1759282772.331997,3,None,None,960.00,108.00,None,None,None,None
1759282772.359215,3,None,None,960.00,108.00,None,None,None,None
1759282772.394056,3,None,None,960.00,108.00,None,None,None,None
1759282772.415373,3,None,None,960.00,108.00,None,None,None,None
1759282772.429441,3,None,None,960.00,108.00,None,None,None,None
1759282772.472006,4,None,None,1234.29,108.00,None,None,None,None
1759282772.486722,4,None,None,1234.29,108.00,None,None,None,None
1759282772.517103,4,None,None,1234.29,108.00,None,None,None,None
1759282772.542331,4,None,None,1234.29,108.00,None,None,None,None
1759282772.558023,4,None,None,1234.29,108.00,None,None,None,None
1759282772.576129,4,None,None,1234.29,108.00,None,None,None,None
1759282772.593664,4,None,None,1234.29,108.00,None,None,None,None
1759282772.607710,4,None,None,1234.29,108.00,None,None,None,None
1759282772.628032,4,None,None,1234.29,108.00,None,None,None,None
1759282772.649328,4,None,None,1234.29,108.00,None,None,None,None
1759282772.665909,4,None,None,1234.29,108.00,None,None,None,None
1759282772.679613,4,None,None,1234.29,108.00,None,None,None,None
1759282772.693919,4,None,None,1234.29,108.00,None,None,None,None
1759282772.714315,4,None,None,1234.29,108.00,None,None,None,None
1759282772.741101,4,None,None,1234.29,108.00,None,None,None,None
1759282772.758546,4,None,None,1234.29,108.00,None,None,None,None
1759282772.778147,4,None,None,1234.29,108.00,None,None,None,None
1759282772.792789,4,None,None,1234.29,108.00,None,None,None,None
1759282772.826719,4,None,None,1234.29,108.00,None,None,None,None
1759282772.848342,4,None,None,1234.29,108.00,None,None,None,None
1759282772.865277,4,None,None,1234.29,108.00,None,None,None,None
1759282772.894608,4,None,None,1234.29,108.00,None,None,None,None
1759282772.915037,4,None,None,1234.29,108.00,None,None,None,None
1759282772.928813,4,None,None,1234.29,108.00,None,None,None,None
1759282772.947327,4,None,None,1234.29,108.00,None,None,None,None
1759282772.987467,4,None,None,1234.29,108.00,None,None,None,None
1759282773.016831,4,None,None,1234.29,108.00,None,None,None,None
1759282773.050075,4,None,None,1234.29,108.00,None,None,None,None
1759282773.078680,4,None,None,1234.29,108.00,None,None,None,None
1759282773.091154,4,None,None,1234.29,108.00,None,None,None,None
1759282773.121467,4,None,None,1234.29,108.00,None,None,None,None
1759282773.137181,4,None,None,1234.29,108.00,None,None,None,None
1759282773.153419,4,None,None,1234.29,108.00,None,None,None,None
1759282773.167425,4,None,None,1234.29,108.00,None,None,None,None
1759282773.204005,4,None,None,1234.29,108.00,None,None,None,None
1759282773.223601,4,None,None,1234.29,108.00,None,None,None,None
1759282773.249206,4,None,None,1234.29,108.00,None,None,None,None
1759282773.275457,4,None,None,1234.29,108.00,None,None,None,None
1759282773.291803,4,None,None,1234.29,108.00,None,None,None,None
1759282773.304617,4,None,None,1234.29,108.00,None,None,None,None
1759282773.335932,4,None,None,1234.29,108.00,None,None,None,None
1759282773.357476,4,None,None,1234.29,108.00,None,None,None,None
1759282773.379051,4,None,None,1234.29,108.00,None,None,None,None
1759282773.408666,4,None,None,1234.29,108.00,None,None,None,None
1759282773.421970,4,None,None,1234.29,108.00,None,None,None,None
1759282773.444749,4,None,None,1234.29,108.00,None,None,None,None
1759282773.474376,4,None,None,1234.29,108.00,None,None,None,None
1759282773.501121,4,None,None,1234.29,108.00,None,None,None,None
1759282773.516952,4,None,None,1234.29,108.00,None,None,None,None
1759282773.532373,4,None,None,1234.29,108.00,None,None,None,None
1759282773.552319,4,None,None,1234.29,108.00,None,None,None,None
1759282773.576180,4,None,None,1234.29,108.00,None,None,None,None
1759282773.597536,4,None,None,1234.29,108.00,None,None,None,None
1759282773.621155,4,None,None,1234.29,108.00,None,None,None,None
1759282773.643758,4,None,None,1234.29,108.00,None,None,None,None
1759282773.662698,4,None,None,1234.29,108.00,None,None,None,None
1759282773.679370,4,None,None,1234.29,108.00,None,None,None,None
1759282773.695029,4,None,None,1234.29,108.00,None,None,None,None
1759282773.724136,4,None,None,1234.29,108.00,None,None,None,None
1759282773.746577,4,None,None,1234.29,108.00,None,None,None,None
1759282773.775010,4,None,None,1234.29,108.00,None,None,None,None
1759282773.800902,4,None,None,1234.29,108.00,None,None,None,None
1759282773.830492,4,None,None,1234.29,108.00,None,None,None,None
1759282773.862208,4,None,None,1234.29,108.00,None,None,None,None
1759282773.878792,4,None,None,1234.29,108.00,None,None,None,None
1759282773.908462,4,None,None,1234.29,108.00,None,None,None,None
1759282773.934081,4,None,None,1234.29,108.00,None,None,None,None
1759282773.951657,4,None,None,1234.29,108.00,None,None,None,None
1759282773.974440,4,None,None,1234.29,108.00,None,None,None,None
1759282773.992316,4,None,None,1234.29,108.00,None,None,None,None
1759282774.013923,4,None,None,1234.29,108.00,None,None,None,None
1759282774.041861,4,None,None,1234.29,108.00,None,None,None,None
1759282774.065253,4,None,None,1234.29,108.00,None,None,None,None
1759282774.097148,4,None,None,1234.29,108.00,None,None,None,None
1759282774.122245,4,None,None,1234.29,108.00,None,None,None,None
1759282774.140908,4,None,None,1234.29,108.00,None,None,None,None
1759282774.169183,4,None,None,1234.29,108.00,None,None,None,None
1759282774.198909,4,None,None,1234.29,108.00,None,None,None,None
1759282774.212545,4,None,None,1234.29,108.00,None,None,None,None
1759282774.236039,4,None,None,1234.29,108.00,None,None,None,None
1759282774.251227,4,None,None,1234.29,108.00,None,None,None,None
1759282774.277320,4,None,None,1234.29,108.00,None,None,None,None
1759282774.301131,4,None,None,1234.29,108.00,None,None,None,None
1759282774.326671,4,None,None,1234.29,108.00,None,None,None,None
1759282774.348936,4,None,None,1234.29,108.00,None,None,None,None
1759282774.385653,4,None,None,1234.29,108.00,None,None,None,None
1759282774.410232,4,None,None,1234.29,108.00,None,None,None,None
1759282774.429871,4,None,None,1234.29,108.00,None,None,None,None
1759282774.462554,5,None,None,1508.57,108.00,None,None,None,None
1759282774.478401,5,None,None,1508.57,108.00,None,None,None,None
1759282774.505259,5,None,None,1508.57,108.00,None,None,None,None
1759282774.520314,5,None,None,1508.57,108.00,None,None,None,None
1759282774.545776,5,None,None,1508.57,108.00,None,None,None,None
1759282774.581273,5,None,None,1508.57,108.00,None,None,None,None
1759282774.605114,5,None,None,1508.57,108.00,None,None,None,None
1759282774.623948,5,None,None,1508.57,108.00,None,None,None,None
1759282774.653698,5,None,None,1508.57,108.00,None,None,None,None
1759282774.670927,5,None,None,1508.57,108.00,None,None,None,None
1759282774.707313,5,None,None,1508.57,108.00,None,None,None,None
1759282774.729222,5,None,None,1508.57,108.00,None,None,None,None
1759282774.741351,5,None,None,1508.57,108.00,None,None,None,None
1759282774.773434,5,None,None,1508.57,108.00,None,None,None,None
1759282774.796135,5,None,None,1508.57,108.00,None,None,None,None
1759282774.809661,5,None,None,1508.57,108.00,None,None,None,None
1759282774.836113,5,None,None,1508.57,108.00,None,None,None,None
1759282774.864636,5,None,None,1508.57,108.00,None,None,None,None
1759282774.896854,5,None,None,1508.57,108.00,None,None,None,None
1759282774.928545,5,None,None,1508.57,108.00,None,None,None,None
1759282774.945045,5,None,None,1508.57,108.00,None,None,None,None
1759282774.984689,5,None,None,1508.57,108.00,None,None,None,None
1759282775.004769,5,None,None,1508.57,108.00,None,None,None,None
1759282775.030877,5,None,None,1508.57,108.00,None,None,None,None
1759282775.055118,5,None,None,1508.57,108.00,None,None,None,None
1759282775.078208,5,None,None,1508.57,108.00,None,None,None,None
1759282775.095797,5,None,None,1508.57,108.00,None,None,None,None
1759282775.122371,5,None,None,1508.57,108.00,None,None,None,None
1759282775.142063,5,None,None,1508.57,108.00,None,None,None,None
1759282775.162111,5,None,None,1508.57,108.00,None,None,None,None
1759282775.196635,5,None,None,1508.57,108.00,None,None,None,None
1759282775.210030,5,None,None,1508.57,108.00,None,None,None,None
1759282775.249173,5,None,None,1508.57,108.00,None,None,None,None
1759282775.266797,5,None,None,1508.57,108.00,None,None,None,None
1759282775.293149,5,None,None,1508.57,108.00,None,None,None,None
1759282775.313166,5,None,None,1508.57,108.00,None,None,None,None
1759282775.333728,5,None,None,1508.57,108.00,None,None,None,None
1759282775.361185,5,None,None,1508.57,108.00,None,None,None,None
1759282775.393155,5,None,None,1508.57,108.00,None,None,None,None
1759282775.406460,5,None,None,1508.57,108.00,None,None,None,None
1759282775.433117,5,None,None,1508.57,108.00,None,None,None,None
1759282775.461778,5,None,None,1508.57,108.00,None,None,None,None
1759282775.476658,5,None,None,1508.57,108.00,None,None,None,None
1759282775.497833,5,None,None,1508.57,108.00,None,None,None,None
1759282775.523021,5,None,None,1508.57,108.00,None,None,None,None
1759282775.544694,5,None,None,1508.57,108.00,None,None,None,None
1759282775.561427,5,None,None,1508.57,108.00,None,None,None,None
1759282775.586246,5,None,None,1508.57,108.00,None,None,None,None
1759282775.604244,5,None,None,1508.57,108.00,None,None,None,None
1759282775.633941,5,None,None,1508.57,108.00,None,None,None,None
1759282775.664939,5,None,None,1508.57,108.00,None,None,None,None
1759282775.687573,5,None,None,1508.57,108.00,None,None,None,None
1759282775.716665,5,None,None,1508.57,108.00,None,None,None,None
1759282775.740569,5,None,None,1508.57,108.00,None,None,None,None
1759282775.765659,5,None,None,1508.57,108.00,None,None,None,None
1759282775.786650,5,None,None,1508.57,108.00,None,None,None,None
1759282775.806888,5,None,None,1508.57,108.00,None,None,None,None
1759282775.837136,5,None,None,1508.57,108.00,None,None,None,None
1759282775.856765,5,None,None,1508.57,108.00,None,None,None,None
1759282775.876180,5,None,None,1508.57,108.00,None,None,None,None
1759282775.910911,5,None,None,1508.57,108.00,None,None,None,None
1759282775.932101,5,None,None,1508.57,108.00,None,None,None,None
1759282775.952791,5,None,None,1508.57,108.00,None,None,None,None
1759282775.989091,5,None,None,1508.57,108.00,None,None,None,None
1759282776.012104,5,None,None,1508.57,108.00,None,None,None,None
1759282776.023855,5,None,None,1508.57,108.00,None,None,None,None
1759282776.044110,5,None,None,1508.57,108.00,None,None,None,None
1759282776.074319,5,None,None,1508.57,108.00,None,None,None,None
1759282776.108625,5,None,None,1508.57,108.00,None,None,None,None
1759282776.129893,5,None,None,1508.57,108.00,None,None,None,None
1759282776.152727,5,None,None,1508.57,108.00,None,None,None,None
1759282776.181168,5,None,None,1508.57,108.00,None,None,None,None
1759282776.204871,5,None,None,1508.57,108.00,None,None,None,None
1759282776.218693,5,None,None,1508.57,108.00,None,None,None,None
1759282776.253248,5,None,None,1508.57,108.00,None,None,None,None
1759282776.273120,5,None,None,1508.57,108.00,None,None,None,None
1759282776.292197,5,None,None,1508.57,108.00,None,None,None,None
1759282776.320643,5,None,None,1508.57,108.00,None,None,None,None
1759282776.356027,5,None,None,1508.57,108.00,None,None,None,None
1759282776.384036,5,None,None,1508.57,108.00,None,None,None,None
1759282776.442092,5,None,None,1508.57,108.00,None,None,None,None
1759282776.470335,6,None,None,1782.86,108.00,None,None,None,None
1759282776.500220,6,None,None,1782.86,108.00,None,None,None,None
1759282776.537291,6,None,None,1782.86,108.00,None,None,None,None
1759282776.557989,6,None,None,1782.86,108.00,None,None,None,None
1759282776.585964,6,None,None,1782.86,108.00,None,None,None,None
1759282776.609439,6,None,None,1782.86,108.00,None,None,None,None
1759282776.625360,6,None,None,1782.86,108.00,None,None,None,None
1759282776.676011,6,None,None,1782.86,108.00,None,None,None,None
1759282776.693807,6,None,None,1782.86,108.00,None,None,None,None
1759282776.724089,6,None,None,1782.86,108.00,None,None,None,None
1759282776.743172,6,None,None,1782.86,108.00,None,None,None,None
1759282776.776489,6,None,None,1782.86,108.00,None,None,None,None
1759282776.801178,6,None,None,1782.86,108.00,None,None,None,None
1759282776.822040,6,None,None,1782.86,108.00,None,None,None,None
1759282776.865505,6,None,None,1782.86,108.00,None,None,None,None
1759282776.885328,6,None,None,1782.86,108.00,None,None,None,None
1759282776.899906,6,None,None,1782.86,108.00,None,None,None,None
1759282776.931806,6,None,None,1782.86,108.00,None,None,None,None
1759282776.951658,6,None,None,1782.86,108.00,None,None,None,None
1759282776.989125,6,None,None,1782.86,108.00,None,None,None,None
1759282777.010002,6,None,None,1782.86,108.00,None,None,None,None
1759282777.022655,6,None,None,1782.86,108.00,None,None,None,None
1759282777.057457,6,None,None,1782.86,108.00,None,None,None,None
1759282777.077337,6,None,None,1782.86,108.00,None,None,None,None
1759282777.092638,6,None,None,1782.86,108.00,None,None,None,None
1759282777.111423,6,None,None,1782.86,108.00,None,None,None,None
1759282777.145122,6,None,None,1782.86,108.00,None,None,None,None
1759282777.161923,6,None,None,1782.86,108.00,None,None,None,None
1759282777.193624,6,None,None,1782.86,108.00,None,None,None,None
1759282777.217613,6,None,None,1782.86,108.00,None,None,None,None
1759282777.238714,6,None,None,1782.86,108.00,None,None,None,None
1759282777.282657,6,None,None,1782.86,108.00,None,None,None,None
1759282777.296809,6,None,None,1782.86,108.00,None,None,None,None
1759282777.313485,6,None,None,1782.86,108.00,None,None,None,None
1759282777.328935,6,None,None,1782.86,108.00,None,None,None,None
1759282777.352186,6,None,None,1782.86,108.00,None,None,None,None
1759282777.369792,6,None,None,1782.86,108.00,None,None,None,None
1759282777.405139,6,None,None,1782.86,108.00,None,None,None,None
1759282777.429988,6,None,None,1782.86,108.00,None,None,None,None
1759282777.448535,6,None,None,1782.86,108.00,None,None,None,None
1759282777.481094,6,None,None,1782.86,108.00,None,None,None,None
1759282777.501546,6,None,None,1782.86,108.00,None,None,None,None
1759282777.519072,6,None,None,1782.86,108.00,None,None,None,None
1759282777.541307,6,None,None,1782.86,108.00,None,None,None,None
1759282777.565111,6,None,None,1782.86,108.00,None,None,None,None
1759282777.596074,6,None,None,1782.86,108.00,None,None,None,None
1759282777.613193,6,None,None,1782.86,108.00,None,None,None,None
1759282777.637101,6,None,None,1782.86,108.00,None,None,None,None
1759282777.651900,6,None,None,1782.86,108.00,None,None,None,None
1759282777.685087,6,None,None,1782.86,108.00,None,None,None,None
1759282777.705411,6,None,None,1782.86,108.00,None,None,None,None
1759282777.725181,6,None,None,1782.86,108.00,None,None,None,None
1759282777.742059,6,None,None,1782.86,108.00,None,None,None,None
1759282777.764096,6,None,None,1782.86,108.00,None,None,None,None
1759282777.789223,6,None,None,1782.86,108.00,None,None,None,None
1759282777.809286,6,None,None,1782.86,108.00,None,None,None,None
1759282777.834121,6,None,None,1782.86,108.00,None,None,None,None
1759282777.858960,6,None,None,1782.86,108.00,None,None,None,None
1759282777.893124,6,None,None,1782.86,108.00,None,None,None,None
1759282777.914661,6,None,None,1782.86,108.00,None,None,None,None
1759282777.940866,6,None,None,1782.86,108.00,None,None,None,None
1759282777.965638,6,None,None,1782.86,108.00,None,None,None,None
1759282777.983983,6,None,None,1782.86,108.00,None,None,None,None
1759282778.012037,6,None,None,1782.86,108.00,None,None,None,None
1759282778.034508,6,None,None,1782.86,108.00,None,None,None,None
1759282778.062003,6,None,None,1782.86,108.00,None,None,None,None
1759282778.091441,6,None,None,1782.86,108.00,None,None,None,None
1759282778.116106,6,None,None,1782.86,108.00,None,None,None,None
1759282778.135463,6,None,None,1782.86,108.00,None,None,None,None
1759282778.154328,6,None,None,1782.86,108.00,None,None,None,None
1759282778.185771,6,None,None,1782.86,108.00,None,None,None,None
1759282778.213183,6,None,None,1782.86,108.00,None,None,None,None
1759282778.226537,6,None,None,1782.86,108.00,None,None,None,None
1759282778.268439,6,None,None,1782.86,108.00,None,None,None,None
1759282778.287879,6,None,None,1782.86,108.00,None,None,None,None
1759282778.309133,6,None,None,1782.86,108.00,None,None,None,None
1759282778.337386,6,None,None,1782.86,108.00,None,None,None,None
1759282778.351641,6,None,None,1782.86,108.00,None,None,None,None
1759282778.371823,6,None,None,1782.86,108.00,None,None,None,None
1759282778.403382,6,None,None,1782.86,108.00,None,None,None,None
1759282778.420932,6,None,None,1782.86,108.00,None,None,None,None
1759282778.448246,6,None,None,1782.86,108.00,None,None,None,None
1759282778.480234,7,None,None,137.14,324.00,None,None,None,None
1759282778.494042,7,None,None,137.14,324.00,None,None,None,None
1759282778.525560,7,None,None,137.14,324.00,None,None,None,None
1759282778.550318,7,None,None,137.14,324.00,None,None,None,None
1759282778.576447,7,None,None,137.14,324.00,None,None,None,None
1759282778.599564,7,None,None,137.14,324.00,None,None,None,None
1759282778.619851,7,None,None,137.14,324.00,None,None,None,None
1759282778.637182,7,None,None,137.14,324.00,None,None,None,None
1759282778.663373,7,None,None,137.14,324.00,None,None,None,None
1759282778.683308,7,None,None,137.14,324.00,None,None,None,None
1759282778.699649,7,None,None,137.14,324.00,None,None,None,None
1759282778.724621,7,None,None,137.14,324.00,None,None,None,None
1759282778.737437,7,None,None,137.14,324.00,None,None,None,None
1759282778.750670,7,None,None,137.14,324.00,None,None,None,None
1759282778.764949,7,None,None,137.14,324.00,None,None,None,None
1759282778.782783,7,None,None,137.14,324.00,None,None,None,None
1759282778.819627,7,None,None,137.14,324.00,None,None,None,None
1759282778.838845,7,None,None,137.14,324.00,None,None,None,None
1759282778.862645,7,None,None,137.14,324.00,None,None,None,None
1759282778.879581,7,None,None,137.14,324.00,None,None,None,None
1759282778.910799,7,None,None,137.14,324.00,None,None,None,None
1759282778.925195,7,None,None,137.14,324.00,None,None,None,None
1759282778.949282,7,None,None,137.14,324.00,None,None,None,None
1759282778.969206,7,None,None,137.14,324.00,None,None,None,None
1759282778.991761,7,None,None,137.14,324.00,None,None,None,None
1759282779.017125,7,None,None,137.14,324.00,None,None,None,None
1759282779.041743,7,None,None,137.14,324.00,None,None,None,None
1759282779.073429,7,None,None,137.14,324.00,None,None,None,None
1759282779.088109,7,None,None,137.14,324.00,None,None,None,None
1759282779.102946,7,None,None,137.14,324.00,None,None,None,None
1759282779.125543,7,None,None,137.14,324.00,None,None,None,None
1759282779.161066,7,None,None,137.14,324.00,None,None,None,None
1759282779.180756,7,None,None,137.14,324.00,None,None,None,None
1759282779.215980,7,None,None,137.14,324.00,None,None,None,None
1759282779.236830,7,None,None,137.14,324.00,None,None,None,None
1759282779.258788,7,None,None,137.14,324.00,None,None,None,None
1759282779.289117,7,None,None,137.14,324.00,None,None,None,None
1759282779.313420,7,None,None,137.14,324.00,None,None,None,None
1759282779.328241,7,None,None,137.14,324.00,None,None,None,None
1759282779.353230,7,None,None,137.14,324.00,None,None,None,None
1759282779.373178,7,None,None,137.14,324.00,None,None,None,None
1759282779.391266,7,None,None,137.14,324.00,None,None,None,None
1759282779.409250,7,None,None,137.14,324.00,None,None,None,None
1759282779.433178,7,None,None,137.14,324.00,None,None,None,None
1759282779.457163,7,None,None,137.14,324.00,None,None,None,None
1759282779.472426,7,None,None,137.14,324.00,None,None,None,None
1759282779.505268,7,None,None,137.14,324.00,None,None,None,None
1759282779.529295,7,None,None,137.14,324.00,None,None,None,None
1759282779.542836,7,None,None,137.14,324.00,None,None,None,None
1759282779.571423,7,None,None,137.14,324.00,None,None,None,None
1759282779.595700,7,None,None,137.14,324.00,None,None,None,None
1759282779.609640,7,None,None,137.14,324.00,None,None,None,None
1759282779.633229,7,None,None,137.14,324.00,None,None,None,None
1759282779.657460,7,None,None,137.14,324.00,None,None,None,None
1759282779.678344,7,None,None,137.14,324.00,None,None,None,None
1759282779.701396,7,None,None,137.14,324.00,None,None,None,None
1759282779.729952,7,None,None,137.14,324.00,None,None,None,None
1759282779.773448,7,None,None,137.14,324.00,None,None,None,None
1759282779.795563,7,None,None,137.14,324.00,None,None,None,None
1759282779.808846,7,None,None,137.14,324.00,None,None,None,None
1759282779.825210,7,None,None,137.14,324.00,None,None,None,None
1759282779.851917,7,None,None,137.14,324.00,None,None,None,None
1759282779.877980,7,None,None,137.14,324.00,None,None,None,None
1759282779.892631,7,None,None,137.14,324.00,None,None,None,None
1759282779.908515,7,None,None,137.14,324.00,None,None,None,None
1759282779.937670,7,None,None,137.14,324.00,None,None,None,None
1759282779.954022,7,None,None,137.14,324.00,None,None,None,None
1759282779.975453,7,None,None,137.14,324.00,None,None,None,None
1759282780.004270,7,None,None,137.14,324.00,None,None,None,None
1759282780.027654,7,None,None,137.14,324.00,None,None,None,None
1759282780.053643,7,None,None,137.14,324.00,None,None,None,None
1759282780.079084,7,None,None,137.14,324.00,None,None,None,None
1759282780.091645,7,None,None,137.14,324.00,None,None,None,None
1759282780.114015,7,None,None,137.14,324.00,None,None,None,None
1759282780.131785,7,None,None,137.14,324.00,None,None,None,None
1759282780.155617,7,None,None,137.14,324.00,None,None,None,None
1759282780.184861,7,None,None,137.14,324.00,None,None,None,None
1759282780.207153,7,None,None,137.14,324.00,None,None,None,None
1759282780.223638,7,None,None,137.14,324.00,None,None,None,None
1759282780.257050,7,None,None,137.14,324.00,None,None,None,None
1759282780.277482,7,None,None,137.14,324.00,None,None,None,None
1759282780.292703,7,None,None,137.14,324.00,None,None,None,None
1759282780.320689,7,None,None,137.14,324.00,None,None,None,None
1759282780.338473,7,None,None,137.14,324.00,None,None,None,None
1759282780.359555,7,None,None,137.14,324.00,None,None,None,None
1759282780.393093,7,None,None,137.14,324.00,None,None,None,None
1759282780.421787,7,None,None,137.14,324.00,None,None,None,None
1759282780.449752,7,None,None,137.14,324.00,None,None,None,None
1759282780.465593,7,None,None,137.14,324.00,None,None,None,None
1759282780.484680,8,None,None,411.43,324.00,None,None,None,None
1759282780.522182,8,None,None,411.43,324.00,None,None,None,None
1759282780.547585,8,None,None,411.43,324.00,None,None,None,None
1759282780.580696,8,None,None,411.43,324.00,None,None,None,None
1759282780.595325,8,None,None,411.43,324.00,None,None,None,None
1759282780.621002,8,None,None,411.43,324.00,None,None,None,None
1759282780.638492,8,None,None,411.43,324.00,None,None,None,None
1759282780.657728,8,None,None,411.43,324.00,None,None,None,None
1759282780.681250,8,None,None,411.43,324.00,None,None,None,None
1759282780.695870,8,None,None,411.43,324.00,None,None,None,None
1759282780.716361,8,None,None,411.43,324.00,None,None,None,None
1759282780.741427,8,None,None,411.43,324.00,None,None,None,None
1759282780.762351,8,None,None,411.43,324.00,None,None,None,None
1759282780.785142,8,None,None,411.43,324.00,None,None,None,None
1759282780.803462,8,None,None,411.43,324.00,None,None,None,None
1759282780.826040,8,None,None,411.43,324.00,None,None,None,None
1759282780.838273,8,None,None,411.43,324.00,None,None,None,None
1759282780.869086,8,None,None,411.43,324.00,None,None,None,None
1759282780.889251,8,None,None,411.43,324.00,None,None,None,None
1759282780.907003,8,None,None,411.43,324.00,None,None,None,None
1759282780.933166,8,None,None,411.43,324.00,None,None,None,None
1759282780.953446,8,None,None,411.43,324.00,None,None,None,None
1759282780.980504,8,None,None,411.43,324.00,None,None,None,None
1759282780.994897,8,None,None,411.43,324.00,None,None,None,None
1759282781.009915,8,None,None,411.43,324.00,None,None,None,None
1759282781.029962,8,None,None,411.43,324.00,None,None,None,None
1759282781.056598,8,None,None,411.43,324.00,None,None,None,None
1759282781.084010,8,None,None,411.43,324.00,None,None,None,None
1759282781.098422,8,None,None,411.43,324.00,None,None,None,None
1759282781.121157,8,None,None,411.43,324.00,None,None,None,None
1759282781.149406,8,None,None,411.43,324.00,None,None,None,None
1759282781.174972,8,None,None,411.43,324.00,None,None,None,None
1759282781.192756,8,None,None,411.43,324.00,None,None,None,None
1759282781.221642,8,None,None,411.43,324.00,None,None,None,None
1759282781.246402,8,None,None,411.43,324.00,None,None,None,None
1759282781.263408,8,None,None,411.43,324.00,None,None,None,None
1759282781.294832,8,None,None,411.43,324.00,None,None,None,None
1759282781.325159,8,None,None,411.43,324.00,None,None,None,None
1759282781.355614,8,None,None,411.43,324.00,None,None,None,None
1759282781.378560,8,None,None,411.43,324.00,None,None,None,None
1759282781.395355,8,None,None,411.43,324.00,None,None,None,None
1759282781.425936,8,None,None,411.43,324.00,None,None,None,None
1759282781.453507,8,None,None,411.43,324.00,None,None,None,None
1759282781.484665,8,None,None,411.43,324.00,None,None,None,None
1759282781.505207,8,None,None,411.43,324.00,None,None,None,None
1759282781.523038,8,None,None,411.43,324.00,None,None,None,None
1759282781.564074,8,None,None,411.43,324.00,None,None,None,None
1759282781.597387,8,None,None,411.43,324.00,None,None,None,None
1759282781.610874,8,None,None,411.43,324.00,None,None,None,None
1759282781.640685,8,None,None,411.43,324.00,None,None,None,None
1759282781.663754,8,None,None,411.43,324.00,None,None,None,None
1759282781.678918,8,None,None,411.43,324.00,None,None,None,None
1759282781.701399,8,None,None,411.43,324.00,None,None,None,None
1759282781.723820,8,None,None,411.43,324.00,None,None,None,None
1759282781.740931,8,None,None,411.43,324.00,None,None,None,None
1759282781.768090,8,None,None,411.43,324.00,None,None,None,None
1759282781.803009,8,None,None,411.43,324.00,None,None,None,None
1759282781.829122,8,None,None,411.43,324.00,None,None,None,None
1759282781.861523,8,None,None,411.43,324.00,None,None,None,None
1759282781.875658,8,None,None,411.43,324.00,None,None,None,None
1759282781.905822,8,None,None,411.43,324.00,None,None,None,None
1759282781.929942,8,None,None,411.43,324.00,None,None,None,None
1759282781.942906,8,None,None,411.43,324.00,None,None,None,None
1759282781.979874,8,None,None,411.43,324.00,None,None,None,None
1759282782.003993,8,None,None,411.43,324.00,None,None,None,None
1759282782.019864,8,None,None,411.43,324.00,None,None,None,None
1759282782.041759,8,None,None,411.43,324.00,None,None,None,None
1759282782.066504,8,None,None,411.43,324.00,None,None,None,None
1759282782.097181,8,None,None,411.43,324.00,None,None,None,None
1759282782.117788,8,None,None,411.43,324.00,None,None,None,None
1759282782.142466,8,None,None,411.43,324.00,None,None,None,None
1759282782.155543,8,None,None,411.43,324.00,None,None,None,None
1759282782.183742,8,None,None,411.43,324.00,None,None,None,None
1759282782.206628,8,None,None,411.43,324.00,None,None,None,None
1759282782.222495,8,None,None,411.43,324.00,None,None,None,None
1759282782.257096,8,None,None,411.43,324.00,None,None,None,None
1759282782.273369,8,None,None,411.43,324.00,None,None,None,None
1759282782.292321,8,None,None,411.43,324.00,None,None,None,None
1759282782.335409,8,None,None,411.43,324.00,None,None,None,None
1759282782.353212,8,None,None,411.43,324.00,None,None,None,None
1759282782.392002,8,None,None,411.43,324.00,None,None,None,None
1759282782.414012,8,None,None,411.43,324.00,None,None,None,None
1759282782.427855,8,None,None,411.43,324.00,None,None,None,None
1759282782.465117,8,None,None,411.43,324.00,None,None,None,None
1759282782.486984,9,None,None,685.71,324.00,None,None,None,None
1759282782.525645,9,None,None,685.71,324.00,None,None,None,None
1759282782.547429,9,None,None,685.71,324.00,None,None,None,None
1759282782.559657,9,None,None,685.71,324.00,None,None,None,None
1759282782.599567,9,None,None,685.71,324.00,None,None,None,None
1759282782.621970,9,None,None,685.71,324.00,None,None,None,None
1759282782.657495,9,None,None,685.71,324.00,None,None,None,None
1759282782.679548,9,None,None,685.71,324.00,None,None,None,None
1759282782.692454,9,None,None,685.71,324.00,None,None,None,None
1759282782.721899,9,None,None,685.71,324.00,None,None,None,None
1759282782.741121,9,None,None,685.71,324.00,None,None,None,None
1759282782.762090,9,None,None,685.71,324.00,None,None,None,None
1759282782.805124,9,None,None,685.71,324.00,None,None,None,None
1759282782.819624,9,None,None,685.71,324.00,None,None,None,None
1759282782.845112,9,None,None,685.71,324.00,None,None,None,None
1759282782.865112,9,None,None,685.71,324.00,None,None,None,None
1759282782.889579,9,None,None,685.71,324.00,None,None,None,None
1759282782.933071,9,None,None,685.71,324.00,None,None,None,None
1759282782.952125,9,None,None,685.71,324.00,None,None,None,None
1759282782.984029,9,None,None,685.71,324.00,None,None,None,None
1759282783.005219,9,None,None,685.71,324.00,None,None,None,None
1759282783.023611,9,None,None,685.71,324.00,None,None,None,None
1759282783.053093,9,None,None,685.71,324.00,None,None,None,None
1759282783.073247,9,None,None,685.71,324.00,None,None,None,None
1759282783.093146,9,None,None,685.71,324.00,None,None,None,None
1759282783.120677,9,None,None,685.71,324.00,None,None,None,None
1759282783.145181,9,None,None,685.71,324.00,None,None,None,None
1759282783.156939,9,None,None,685.71,324.00,None,None,None,None
1759282783.185170,9,None,None,685.71,324.00,None,None,None,None
1759282783.205528,9,None,None,685.71,324.00,None,None,None,None
1759282783.233176,9,None,None,685.71,324.00,None,None,None,None
1759282783.252682,9,None,None,685.71,324.00,None,None,None,None
1759282783.292553,9,None,None,685.71,324.00,None,None,None,None
1759282783.314935,9,None,None,685.71,324.00,None,None,None,None
1759282783.328876,9,None,None,685.71,324.00,None,None,None,None
1759282783.350002,9,None,None,685.71,324.00,None,None,None,None
1759282783.387071,9,None,None,685.71,324.00,None,None,None,None
1759282783.405722,9,None,None,685.71,324.00,None,None,None,None
1759282783.423050,9,None,None,685.71,324.00,None,None,None,None
1759282783.452051,9,None,None,685.71,324.00,None,None,None,None
1759282783.472862,9,None,None,685.71,324.00,None,None,None,None
1759282783.493560,9,None,None,685.71,324.00,None,None,None,None
1759282783.519466,9,None,None,685.71,324.00,None,None,None,None
1759282783.534668,9,None,None,685.71,324.00,None,None,None,None
1759282783.555411,9,None,None,685.71,324.00,None,None,None,None
1759282783.581370,9,None,None,685.71,324.00,None,None,None,None
1759282783.601116,9,None,None,685.71,324.00,None,None,None,None
1759282783.627837,9,None,None,685.71,324.00,None,None,None,None
1759282783.652245,9,None,None,685.71,324.00,None,None,None,None
1759282783.673364,9,None,None,685.71,324.00,None,None,None,None
1759282783.694807,9,None,None,685.71,324.00,None,None,None,None
1759282783.717844,9,None,None,685.71,324.00,None,None,None,None
1759282783.734890,9,None,None,685.71,324.00,None,None,None,None
1759282783.760942,9,None,None,685.71,324.00,None,None,None,None
1759282783.775442,9,None,None,685.71,324.00,None,None,None,None
1759282783.802192,9,None,None,685.71,324.00,None,None,None,None
1759282783.825122,9,None,None,685.71,324.00,None,None,None,None
1759282783.853114,9,None,None,685.71,324.00,None,None,None,None
1759282783.873210,9,None,None,685.71,324.00,None,None,None,None
1759282783.895316,9,None,None,685.71,324.00,None,None,None,None
1759282783.930616,9,None,None,685.71,324.00,None,None,None,None
1759282783.944018,9,None,None,685.71,324.00,None,None,None,None
1759282783.969216,9,None,None,685.71,324.00,None,None,None,None
1759282783.993451,9,None,None,685.71,324.00,None,None,None,None
1759282784.010100,9,None,None,685.71,324.00,None,None,None,None
1759282784.033243,9,None,None,685.71,324.00,None,None,None,None
1759282784.069552,9,None,None,685.71,324.00,None,None,None,None
1759282784.097228,9,None,None,685.71,324.00,None,None,None,None
1759282784.125122,9,None,None,685.71,324.00,None,None,None,None
1759282784.142256,9,None,None,685.71,324.00,None,None,None,None
1759282784.165560,9,None,None,685.71,324.00,None,None,None,None
1759282784.185104,9,None,None,685.71,324.00,None,None,None,None
1759282784.207894,9,None,None,685.71,324.00,None,None,None,None
1759282784.224951,9,None,None,685.71,324.00,None,None,None,None
1759282784.255631,9,None,None,685.71,324.00,None,None,None,None
1759282784.275993,9,None,None,685.71,324.00,None,None,None,None
1759282784.294048,9,None,None,685.71,324.00,None,None,None,None
1759282784.320911,9,None,None,685.71,324.00,None,None,None,None
1759282784.348597,9,None,None,685.71,324.00,None,None,None,None
1759282784.363872,9,None,None,685.71,324.00,None,None,None,None
1759282784.389508,9,None,None,685.71,324.00,None,None,None,None
1759282784.411868,9,None,None,685.71,324.00,None,None,None,None
1759282784.427225,9,None,None,685.71,324.00,None,None,None,None
1759282784.441200,9,None,None,685.71,324.00,None,None,None,None
1759282784.465161,9,None,None,685.71,324.00,None,None,None,None
1759282784.489505,10,None,None,960.00,324.00,None,None,None,None
1759282784.512020,10,None,None,960.00,324.00,None,None,None,None
1759282784.528819,10,None,None,960.00,324.00,None,None,None,None
1759282784.554854,10,None,None,960.00,324.00,None,None,None,None
1759282784.584763,10,None,None,960.00,324.00,None,None,None,None
1759282784.616008,10,None,None,960.00,324.00,None,None,None,None
1759282784.637384,10,None,None,960.00,324.00,None,None,None,None
1759282784.665282,10,None,None,960.00,324.00,None,None,None,None
1759282784.697081,10,None,None,960.00,324.00,None,None,None,None
1759282784.741114,10,None,None,960.00,324.00,None,None,None,None
1759282784.782980,10,None,None,960.00,324.00,None,None,None,None
1759282784.813126,10,None,None,960.00,324.00,None,None,None,None
1759282784.842042,10,None,None,960.00,324.00,None,None,None,None
1759282784.881775,10,None,None,960.00,324.00,None,None,None,None
1759282784.898694,10,None,None,960.00,324.00,None,None,None,None
1759282784.951309,10,None,None,960.00,324.00,None,None,None,None
1759282784.977677,10,None,None,960.00,324.00,None,None,None,None
1759282785.001893,10,None,None,960.00,324.00,None,None,None,None
1759282785.025555,10,None,None,960.00,324.00,None,None,None,None
1759282785.049489,10,None,None,960.00,324.00,None,None,None,None
1759282785.067502,10,None,None,960.00,324.00,None,None,None,None
1759282785.082276,10,None,None,960.00,324.00,None,None,None,None
1759282785.100438,10,None,None,960.00,324.00,None,None,None,None
1759282785.124657,10,None,None,960.00,324.00,None,None,None,None
1759282785.140172,10,None,None,960.00,324.00,None,None,None,None
1759282785.189086,10,None,None,960.00,324.00,None,None,None,None
1759282785.202944,10,None,None,960.00,324.00,None,None,None,None
1759282785.229122,10,None,None,960.00,324.00,None,None,None,None
1759282785.257478,10,None,None,960.00,324.00,None,None,None,None
1759282785.273183,10,None,None,960.00,324.00,None,None,None,None
1759282785.288768,10,None,None,960.00,324.00,None,None,None,None
1759282785.323848,10,None,None,960.00,324.00,None,None,None,None
1759282785.341492,10,None,None,960.00,324.00,None,None,None,None
1759282785.370342,10,None,None,960.00,324.00,None,None,None,None
1759282785.396090,10,None,None,960.00,324.00,None,None,None,None
1759282785.409162,10,None,None,960.00,324.00,None,None,None,None
1759282785.431475,10,None,None,960.00,324.00,None,None,None,None
1759282785.449710,10,None,None,960.00,324.00,None,None,None,None
1759282785.471257,10,None,None,960.00,324.00,None,None,None,None
1759282785.486156,10,None,None,960.00,324.00,None,None,None,None
1759282785.510037,10,None,None,960.00,324.00,None,None,None,None
1759282785.532004,10,None,None,960.00,324.00,None,None,None,None
1759282785.550863,10,None,None,960.00,324.00,None,None,None,None
1759282785.585104,10,None,None,960.00,324.00,None,None,None,None
1759282785.609076,10,None,None,960.00,324.00,None,None,None,None
1759282785.621992,10,None,None,960.00,324.00,None,None,None,None
1759282785.646585,10,None,None,960.00,324.00,None,None,None,None
1759282785.669420,10,None,None,960.00,324.00,None,None,None,None
1759282785.694869,10,None,None,960.00,324.00,None,None,None,None
1759282785.713026,10,None,None,960.00,324.00,None,None,None,None
1759282785.728396,10,None,None,960.00,324.00,None,None,None,None
1759282785.757116,10,None,None,960.00,324.00,None,None,None,None
1759282785.777115,10,None,None,960.00,324.00,None,None,None,None
1759282785.805111,10,None,None,960.00,324.00,None,None,None,None
1759282785.825326,10,None,None,960.00,324.00,None,None,None,None
1759282785.844151,10,None,None,960.00,324.00,None,None,None,None
1759282785.860722,10,None,None,960.00,324.00,None,None,None,None
1759282785.877461,10,None,None,960.00,324.00,None,None,None,None
1759282785.893068,10,None,None,960.00,324.00,None,None,None,None
1759282785.921408,10,None,None,960.00,324.00,None,None,None,None
1759282785.958351,10,None,None,960.00,324.00,None,None,None,None
1759282785.980228,10,None,None,960.00,324.00,None,None,None,None
1759282785.994474,10,None,None,960.00,324.00,None,None,None,None
1759282786.017246,10,None,None,960.00,324.00,None,None,None,None
1759282786.041980,10,None,None,960.00,324.00,None,None,None,None
1759282786.063009,10,None,None,960.00,324.00,None,None,None,None
1759282786.089172,10,None,None,960.00,324.00,None,None,None,None
1759282786.105232,10,None,None,960.00,324.00,None,None,None,None
1759282786.128816,10,None,None,960.00,324.00,None,None,None,None
1759282786.157157,10,None,None,960.00,324.00,None,None,None,None
1759282786.175313,10,None,None,960.00,324.00,None,None,None,None
1759282786.201557,10,None,None,960.00,324.00,None,None,None,None
1759282786.228015,10,None,None,960.00,324.00,None,None,None,None
1759282786.254205,10,None,None,960.00,324.00,None,None,None,None
1759282786.273685,10,None,None,960.00,324.00,None,None,None,None
1759282786.307389,10,None,None,960.00,324.00,None,None,None,None
1759282786.327675,10,None,None,960.00,324.00,None,None,None,None
1759282786.346939,10,None,None,960.00,324.00,None,None,None,None
1759282786.364201,10,None,None,960.00,324.00,None,None,None,None
1759282786.396635,10,None,None,960.00,324.00,None,None,None,None
1759282786.411986,10,None,None,960.00,324.00,None,None,None,None
1759282786.424336,10,None,None,960.00,324.00,None,None,None,None
1759282786.453088,10,None,None,960.00,324.00,None,None,None,None
1759282786.473225,10,None,None,960.00,324.00,None,None,None,None
1759282786.492852,10,None,None,960.00,324.00,None,None,None,None
1759282786.510741,11,None,None,1234.29,324.00,None,None,None,None
1759282786.537115,11,None,None,1234.29,324.00,None,None,None,None
1759282786.558679,11,None,None,1234.29,324.00,None,None,None,None
1759282786.585988,11,None,None,1234.29,324.00,None,None,None,None
1759282786.609448,11,None,None,1234.29,324.00,None,None,None,None
1759282786.627608,11,None,None,1234.29,324.00,None,None,None,None
1759282786.660163,11,None,None,1234.29,324.00,None,None,None,None
1759282786.681276,11,None,None,1234.29,324.00,None,None,None,None
1759282786.701726,11,None,None,1234.29,324.00,None,None,None,None
1759282786.719790,11,None,None,1234.29,324.00,None,None,None,None
1759282786.744097,11,None,None,1234.29,324.00,None,None,None,None
1759282786.759117,11,None,None,1234.29,324.00,None,None,None,None
1759282786.778603,11,None,None,1234.29,324.00,None,None,None,None
1759282786.794147,11,None,None,1234.29,324.00,None,None,None,None
1759282786.817234,11,None,None,1234.29,324.00,None,None,None,None
1759282786.839332,11,None,None,1234.29,324.00,None,None,None,None
1759282786.860106,11,None,None,1234.29,324.00,None,None,None,None
1759282786.885101,11,None,None,1234.29,324.00,None,None,None,None
1759282786.905226,11,None,None,1234.29,324.00,None,None,None,None
1759282786.926720,11,None,None,1234.29,324.00,None,None,None,None
1759282786.939445,11,None,None,1234.29,324.00,None,None,None,None
1759282786.968092,11,None,None,1234.29,324.00,None,None,None,None
1759282786.989187,11,None,None,1234.29,324.00,None,None,None,None
1759282787.011424,11,None,None,1234.29,324.00,None,None,None,None
1759282787.033386,11,None,None,1234.29,324.00,None,None,None,None
1759282787.054309,11,None,None,1234.29,324.00,None,None,None,None
1759282787.076855,11,None,None,1234.29,324.00,None,None,None,None
1759282787.101103,11,None,None,1234.29,324.00,None,None,None,None
1759282787.126244,11,None,None,1234.29,324.00,None,None,None,None
1759282787.157640,11,None,None,1234.29,324.00,None,None,None,None
1759282787.180103,11,None,None,1234.29,324.00,None,None,None,None
1759282787.204521,11,None,None,1234.29,324.00,None,None,None,None
1759282787.225280,11,None,None,1234.29,324.00,None,None,None,None
1759282787.252342,11,None,None,1234.29,324.00,None,None,None,None
1759282787.274345,11,None,None,1234.29,324.00,None,None,None,None
1759282787.303795,11,None,None,1234.29,324.00,None,None,None,None
1759282787.332053,11,None,None,1234.29,324.00,None,None,None,None
1759282787.344748,11,None,None,1234.29,324.00,None,None,None,None
1759282787.368867,11,None,None,1234.29,324.00,None,None,None,None
1759282787.400351,11,None,None,1234.29,324.00,None,None,None,None
1759282787.433083,11,None,None,1234.29,324.00,None,None,None,None
1759282787.454256,11,None,None,1234.29,324.00,None,None,None,None
1759282787.472790,11,None,None,1234.29,324.00,None,None,None,None
1759282787.505450,11,None,None,1234.29,324.00,None,None,None,None
1759282787.533841,11,None,None,1234.29,324.00,None,None,None,None
1759282787.554911,11,None,None,1234.29,324.00,None,None,None,None
1759282787.581750,11,None,None,1234.29,324.00,None,None,None,None
1759282787.601345,11,None,None,1234.29,324.00,None,None,None,None
1759282787.628859,11,None,None,1234.29,324.00,None,None,None,None
1759282787.653540,11,None,None,1234.29,324.00,None,None,None,None
1759282787.681309,11,None,None,1234.29,324.00,None,None,None,None
1759282787.705538,11,None,None,1234.29,324.00,None,None,None,None
1759282787.735077,11,None,None,1234.29,324.00,None,None,None,None
1759282787.758790,11,None,None,1234.29,324.00,None,None,None,None
1759282787.809182,11,None,None,1234.29,324.00,None,None,None,None
1759282787.841438,11,None,None,1234.29,324.00,None,None,None,None
1759282787.854781,11,None,None,1234.29,324.00,None,None,None,None
1759282787.889681,11,None,None,1234.29,324.00,None,None,None,None
1759282787.915592,11,None,None,1234.29,324.00,None,None,None,None
1759282787.945189,11,None,None,1234.29,324.00,None,None,None,None
1759282787.974950,11,None,None,1234.29,324.00,None,None,None,None
1759282788.005912,11,None,None,1234.29,324.00,None,None,None,None
1759282788.035820,11,None,None,1234.29,324.00,None,None,None,None
1759282788.058277,11,None,None,1234.29,324.00,None,None,None,None
1759282788.081477,11,None,None,1234.29,324.00,None,None,None,None
1759282788.106027,11,None,None,1234.29,324.00,None,None,None,None
1759282788.130321,11,None,None,1234.29,324.00,None,None,None,None
1759282788.156131,11,None,None,1234.29,324.00,None,None,None,None
1759282788.168785,11,None,None,1234.29,324.00,None,None,None,None
1759282788.193455,11,None,None,1234.29,324.00,None,None,None,None
1759282788.221936,11,None,None,1234.29,324.00,None,None,None,None
1759282788.247960,11,None,None,1234.29,324.00,None,None,None,None
1759282788.270932,11,None,None,1234.29,324.00,None,None,None,None
1759282788.297997,11,None,None,1234.29,324.00,None,None,None,None
1759282788.329724,11,None,None,1234.29,324.00,None,None,None,None
1759282788.349069,11,None,None,1234.29,324.00,None,None,None,None
1759282788.380702,11,None,None,1234.29,324.00,None,None,None,None
1759282788.405415,11,None,None,1234.29,324.00,None,None,None,None
1759282788.423299,11,None,None,1234.29,324.00,None,None,None,None
1759282788.441442,11,None,None,1234.29,324.00,None,None,None,None
1759282788.465499,11,None,None,1234.29,324.00,None,None,None,None
1759282788.488174,11,None,None,1234.29,324.00,None,None,None,None
1759282788.503106,11,None,None,1234.29,324.00,None,None,None,None
1759282788.522014,12,None,None,1508.57,324.00,None,None,None,None
1759282788.541126,12,None,None,1508.57,324.00,None,None,None,None
1759282788.562283,12,None,None,1508.57,324.00,None,None,None,None
1759282788.574223,12,None,None,1508.57,324.00,None,None,None,None
1759282788.604675,12,None,None,1508.57,324.00,None,None,None,None
1759282788.617792,12,None,None,1508.57,324.00,None,None,None,None
1759282788.651975,12,None,None,1508.57,324.00,None,None,None,None
1759282788.690323,12,None,None,1508.57,324.00,None,None,None,None
1759282788.715818,12,None,None,1508.57,324.00,None,None,None,None
1759282788.738558,12,None,None,1508.57,324.00,None,None,None,None
1759282788.756704,12,None,None,1508.57,324.00,None,None,None,None
1759282788.782507,12,None,None,1508.57,324.00,None,None,None,None
1759282788.812669,12,None,None,1508.57,324.00,None,None,None,None
1759282788.833177,12,None,None,1508.57,324.00,None,None,None,None
1759282788.849126,12,None,None,1508.57,324.00,None,None,None,None
1759282788.868574,12,None,None,1508.57,324.00,None,None,None,None
1759282788.888516,12,None,None,1508.57,324.00,None,None,None,None
1759282788.913295,12,None,None,1508.57,324.00,None,None,None,None
1759282788.933298,12,None,None,1508.57,324.00,None,None,None,None
1759282788.960421,12,None,None,1508.57,324.00,None,None,None,None
1759282788.983879,12,None,None,1508.57,324.00,None,None,None,None
1759282788.999334,12,None,None,1508.57,324.00,None,None,None,None
1759282789.019560,12,None,None,1508.57,324.00,None,None,None,None
1759282789.042022,12,None,None,1508.57,324.00,None,None,None,None
1759282789.062198,12,None,None,1508.57,324.00,None,None,None,None
1759282789.075415,12,None,None,1508.57,324.00,None,None,None,None
1759282789.105152,12,None,None,1508.57,324.00,None,None,None,None
1759282789.133262,12,None,None,1508.57,324.00,None,None,None,None
1759282789.157119,12,None,None,1508.57,324.00,None,None,None,None
1759282789.180124,12,None,None,1508.57,324.00,None,None,None,None
1759282789.199772,12,None,None,1508.57,324.00,None,None,None,None
1759282789.218759,12,None,None,1508.57,324.00,None,None,None,None
1759282789.241740,12,None,None,1508.57,324.00,None,None,None,None
1759282789.267746,12,None,None,1508.57,324.00,None,None,None,None
1759282789.300661,12,None,None,1508.57,324.00,None,None,None,None
1759282789.320878,12,None,None,1508.57,324.00,None,None,None,None
1759282789.340667,12,None,None,1508.57,324.00,None,None,None,None
1759282789.365233,12,None,None,1508.57,324.00,None,None,None,None
1759282789.381571,12,None,None,1508.57,324.00,None,None,None,None
1759282789.408812,12,None,None,1508.57,324.00,None,None,None,None
1759282789.442072,12,None,None,1508.57,324.00,None,None,None,None
1759282789.466629,12,None,None,1508.57,324.00,None,None,None,None
1759282789.492029,12,None,None,1508.57,324.00,None,None,None,None
1759282789.504100,12,None,None,1508.57,324.00,None,None,None,None
1759282789.526033,12,None,None,1508.57,324.00,None,None,None,None
1759282789.546296,12,None,None,1508.57,324.00,None,None,None,None
1759282789.565285,12,None,None,1508.57,324.00,None,None,None,None
1759282789.588498,12,None,None,1508.57,324.00,None,None,None,None
1759282789.613471,12,None,None,1508.57,324.00,None,None,None,None
1759282789.626087,12,None,None,1508.57,324.00,None,None,None,None
1759282789.657837,12,None,None,1508.57,324.00,None,None,None,None
1759282789.677110,12,None,None,1508.57,324.00,None,None,None,None
1759282789.694323,12,None,None,1508.57,324.00,None,None,None,None
1759282789.725098,12,None,None,1508.57,324.00,None,None,None,None
1759282789.748196,12,None,None,1508.57,324.00,None,None,None,None
1759282789.762354,12,None,None,1508.57,324.00,None,None,None,None
1759282789.799434,12,None,None,1508.57,324.00,None,None,None,None
1759282789.818210,12,None,None,1508.57,324.00,None,None,None,None
1759282789.844276,12,None,None,1508.57,324.00,None,None,None,None
1759282789.873372,12,None,None,1508.57,324.00,None,None,None,None
1759282789.889822,12,None,None,1508.57,324.00,None,None,None,None
1759282789.914110,12,None,None,1508.57,324.00,None,None,None,None
1759282789.936388,12,None,None,1508.57,324.00,None,None,None,None
1759282789.957223,12,None,None,1508.57,324.00,None,None,None,None
1759282789.969554,12,None,None,1508.57,324.00,None,None,None,None
1759282790.001254,12,None,None,1508.57,324.00,None,None,None,None
1759282790.016300,12,None,None,1508.57,324.00,None,None,None,None
1759282790.042899,12,None,None,1508.57,324.00,None,None,None,None
1759282790.058345,12,None,None,1508.57,324.00,None,None,None,None
1759282790.087952,12,None,None,1508.57,324.00,None,None,None,None
1759282790.116047,12,None,None,1508.57,324.00,None,None,None,None
1759282790.133847,12,None,None,1508.57,324.00,None,None,None,None
1759282790.149642,12,None,None,1508.57,324.00,None,None,None,None
1759282790.165319,12,None,None,1508.57,324.00,None,None,None,None
1759282790.194980,12,None,None,1508.57,324.00,None,None,None,None
1759282790.211907,12,None,None,1508.57,324.00,None,None,None,None
1759282790.231112,12,None,None,1508.57,324.00,None,None,None,None
1759282790.261114,12,None,None,1508.57,324.00,None,None,None,None
1759282790.278972,12,None,None,1508.57,324.00,None,None,None,None
1759282790.295618,12,None,None,1508.57,324.00,None,None,None,None
1759282790.324696,12,None,None,1508.57,324.00,None,None,None,None
1759282790.344505,12,None,None,1508.57,324.00,None,None,None,None
1759282790.356851,12,None,None,1508.57,324.00,None,None,None,None
1759282790.376547,12,None,None,1508.57,324.00,None,None,None,None
1759282790.405613,12,None,None,1508.57,324.00,None,None,None,None
1759282790.421609,12,None,None,1508.57,324.00,None,None,None,None
1759282790.452693,12,None,None,1508.57,324.00,None,None,None,None
1759282790.469002,12,None,None,1508.57,324.00,None,None,None,None
1759282790.492676,12,None,None,1508.57,324.00,None,None,None,None
1759282790.517785,12,None,None,1508.57,324.00,None,None,None,None
1759282790.536304,13,None,None,1782.86,324.00,None,None,None,None
1759282790.558148,13,None,None,1782.86,324.00,None,None,None,None
1759282790.578543,13,None,None,1782.86,324.00,None,None,None,None
1759282790.607740,13,None,None,1782.86,324.00,None,None,None,None
1759282790.627239,13,None,None,1782.86,324.00,None,None,None,None
1759282790.663146,13,None,None,1782.86,324.00,None,None,None,None
1759282790.683456,13,None,None,1782.86,324.00,None,None,None,None
1759282790.712585,13,None,None,1782.86,324.00,None,None,None,None
1759282790.739697,13,None,None,1782.86,324.00,None,None,None,None
1759282790.756413,13,None,None,1782.86,324.00,None,None,None,None
1759282790.781685,13,None,None,1782.86,324.00,None,None,None,None
1759282790.805259,13,None,None,1782.86,324.00,None,None,None,None
1759282790.818725,13,None,None,1782.86,324.00,None,None,None,None
1759282790.853155,13,None,None,1782.86,324.00,None,None,None,None
1759282790.877167,13,None,None,1782.86,324.00,None,None,None,None
1759282790.892057,13,None,None,1782.86,324.00,None,None,None,None
1759282790.921161,13,None,None,1782.86,324.00,None,None,None,None
1759282790.945863,13,None,None,1782.86,324.00,None,None,None,None
1759282790.961800,13,None,None,1782.86,324.00,None,None,None,None
1759282790.990968,13,None,None,1782.86,324.00,None,None,None,None
1759282791.011405,13,None,None,1782.86,324.00,None,None,None,None
1759282791.036299,13,None,None,1782.86,324.00,None,None,None,None
1759282791.073238,13,None,None,1782.86,324.00,None,None,None,None
1759282791.091090,13,None,None,1782.86,324.00,None,None,None,None
1759282791.106379,13,None,None,1782.86,324.00,None,None,None,None
1759282791.125168,13,None,None,1782.86,324.00,None,None,None,None
1759282791.147521,13,None,None,1782.86,324.00,None,None,None,None
1759282791.173331,13,None,None,1782.86,324.00,None,None,None,None
1759282791.188361,13,None,None,1782.86,324.00,None,None,None,None
1759282791.201790,13,None,None,1782.86,324.00,None,None,None,None
1759282791.237677,13,None,None,1782.86,324.00,None,None,None,None
1759282791.257680,13,None,None,1782.86,324.00,None,None,None,None
1759282791.273130,13,None,None,1782.86,324.00,None,None,None,None
1759282791.294894,13,None,None,1782.86,324.00,None,None,None,None
1759282791.325330,13,None,None,1782.86,324.00,None,None,None,None
1759282791.342508,13,None,None,1782.86,324.00,None,None,None,None
1759282791.357842,13,None,None,1782.86,324.00,None,None,None,None
1759282791.384929,13,None,None,1782.86,324.00,None,None,None,None
1759282791.408815,13,None,None,1782.86,324.00,None,None,None,None
1759282791.441333,13,None,None,1782.86,324.00,None,None,None,None
1759282791.461500,13,None,None,1782.86,324.00,None,None,None,None
1759282791.478588,13,None,None,1782.86,324.00,None,None,None,None
1759282791.505222,13,None,None,1782.86,324.00,None,None,None,None
1759282791.525123,13,None,None,1782.86,324.00,None,None,None,None
1759282791.547550,13,None,None,1782.86,324.00,None,None,None,None
1759282791.569104,13,None,None,1782.86,324.00,None,None,None,None
1759282791.603102,13,None,None,1782.86,324.00,None,None,None,None
1759282791.632217,13,None,None,1782.86,324.00,None,None,None,None
1759282791.655206,13,None,None,1782.86,324.00,None,None,None,None
1759282791.672430,13,None,None,1782.86,324.00,None,None,None,None
1759282791.691783,13,None,None,1782.86,324.00,None,None,None,None
1759282791.717685,13,None,None,1782.86,324.00,None,None,None,None
1759282791.740778,13,None,None,1782.86,324.00,None,None,None,None
1759282791.755276,13,None,None,1782.86,324.00,None,None,None,None
1759282791.774130,13,None,None,1782.86,324.00,None,None,None,None
1759282791.804226,13,None,None,1782.86,324.00,None,None,None,None
1759282791.828695,13,None,None,1782.86,324.00,None,None,None,None
1759282791.859885,13,None,None,1782.86,324.00,None,None,None,None
1759282791.876085,13,None,None,1782.86,324.00,None,None,None,None
1759282791.907283,13,None,None,1782.86,324.00,None,None,None,None
1759282791.933683,13,None,None,1782.86,324.00,None,None,None,None
1759282791.969100,13,None,None,1782.86,324.00,None,None,None,None
1759282791.991199,13,None,None,1782.86,324.00,None,None,None,None
1759282792.006912,13,None,None,1782.86,324.00,None,None,None,None
1759282792.041808,13,None,None,1782.86,324.00,None,None,None,None
1759282792.065488,13,None,None,1782.86,324.00,None,None,None,None
1759282792.080092,13,None,None,1782.86,324.00,None,None,None,None
1759282792.096810,13,None,None,1782.86,324.00,None,None,None,None
1759282792.125103,13,None,None,1782.86,324.00,None,None,None,None
1759282792.143759,13,None,None,1782.86,324.00,None,None,None,None
1759282792.156058,13,None,None,1782.86,324.00,None,None,None,None
1759282792.185102,13,None,None,1782.86,324.00,None,None,None,None
1759282792.208209,13,None,None,1782.86,324.00,None,None,None,None
1759282792.224643,13,None,None,1782.86,324.00,None,None,None,None
1759282792.253636,13,None,None,1782.86,324.00,None,None,None,None
1759282792.281362,13,None,None,1782.86,324.00,None,None,None,None
1759282792.308429,13,None,None,1782.86,324.00,None,None,None,None
1759282792.338159,13,None,None,1782.86,324.00,None,None,None,None
1759282792.357519,13,None,None,1782.86,324.00,None,None,None,None
1759282792.383991,13,None,None,1782.86,324.00,None,None,None,None
1759282792.406237,13,None,None,1782.86,324.00,None,None,None,None
1759282792.430735,13,None,None,1782.86,324.00,None,None,None,None
1759282792.448164,13,None,None,1782.86,324.00,None,None,None,None
1759282792.485436,13,None,None,1782.86,324.00,None,None,None,None
1759282792.505340,13,None,None,1782.86,324.00,None,None,None,None
1759282792.534477,13,None,None,1782.86,324.00,None,None,None,None
1759282792.557409,14,None,None,137.14,540.00,None,None,None,None
1759282792.575887,14,None,None,137.14,540.00,None,None,None,None
1759282792.613003,14,None,None,137.14,540.00,None,None,None,None
1759282792.634146,14,None,None,137.14,540.00,None,None,None,None
1759282792.650204,14,None,None,137.14,540.00,None,None,None,None
1759282792.687485,14,None,None,137.14,540.00,None,None,None,None
1759282792.704943,14,None,None,137.14,540.00,None,None,None,None
1759282792.719421,14,None,None,137.14,540.00,None,None,None,None
1759282792.745475,14,None,None,137.14,540.00,None,None,None,None
1759282792.763229,14,None,None,137.14,540.00,None,None,None,None
1759282792.787213,14,None,None,137.14,540.00,None,None,None,None
1759282792.801878,14,None,None,137.14,540.00,None,None,None,None
1759282792.825280,14,None,None,137.14,540.00,None,None,None,None
1759282792.846429,14,None,None,137.14,540.00,None,None,None,None
1759282792.871790,14,None,None,137.14,540.00,None,None,None,None
1759282792.898867,14,None,None,137.14,540.00,None,None,None,None
1759282792.922108,14,None,None,137.14,540.00,None,None,None,None
1759282792.941431,14,None,None,137.14,540.00,None,None,None,None
1759282792.954637,14,None,None,137.14,540.00,None,None,None,None
1759282792.984415,14,None,None,137.14,540.00,None,None,None,None
1759282793.029095,14,None,None,137.14,540.00,None,None,None,None
1759282793.063482,14,None,None,137.14,540.00,None,None,None,None
1759282793.076561,14,None,None,137.14,540.00,None,None,None,None
1759282793.113742,14,None,None,137.14,540.00,None,None,None,None
1759282793.138816,14,None,None,137.14,540.00,None,None,None,None
1759282793.164109,14,None,None,137.14,540.00,None,None,None,None
1759282793.198720,14,None,None,137.14,540.00,None,None,None,None
1759282793.213275,14,None,None,137.14,540.00,None,None,None,None
1759282793.240351,14,None,None,137.14,540.00,None,None,None,None
1759282793.264469,14,None,None,137.14,540.00,None,None,None,None
1759282793.281849,14,None,None,137.14,540.00,None,None,None,None
1759282793.308422,14,None,None,137.14,540.00,None,None,None,None
1759282793.334433,14,None,None,137.14,540.00,None,None,None,None
1759282793.361650,14,None,None,137.14,540.00,None,None,None,None
1759282793.386126,14,None,None,137.14,540.00,None,None,None,None
1759282793.414135,14,None,None,137.14,540.00,None,None,None,None
1759282793.445215,14,None,None,137.14,540.00,None,None,None,None
1759282793.465591,14,None,None,137.14,540.00,None,None,None,None
1759282793.487499,14,None,None,137.14,540.00,None,None,None,None
1759282793.521090,14,None,None,137.14,540.00,None,None,None,None
1759282793.537233,14,None,None,137.14,540.00,None,None,None,None
1759282793.558220,14,None,None,137.14,540.00,None,None,None,None
1759282793.586346,14,None,None,137.14,540.00,None,None,None,None
1759282793.601946,14,None,None,137.14,540.00,None,None,None,None
1759282793.627134,14,None,None,137.14,540.00,None,None,None,None
1759282793.659464,14,None,None,137.14,540.00,None,None,None,None
1759282793.686944,14,None,None,137.14,540.00,None,None,None,None
1759282793.717105,14,None,None,137.14,540.00,None,None,None,None
1759282793.737335,14,None,None,137.14,540.00,None,None,None,None
1759282793.756467,14,None,None,137.14,540.00,None,None,None,None
1759282793.784736,14,None,None,137.14,540.00,None,None,None,None
1759282793.807706,14,None,None,137.14,540.00,None,None,None,None
1759282793.825074,14,None,None,137.14,540.00,None,None,None,None
1759282793.852271,14,None,None,137.14,540.00,None,None,None,None
1759282793.873124,14,None,None,137.14,540.00,None,None,None,None
1759282793.894897,14,None,None,137.14,540.00,None,None,None,None
1759282793.918788,14,None,None,137.14,540.00,None,None,None,None
1759282793.947070,14,None,None,137.14,540.00,None,None,None,None
1759282793.960947,14,None,None,137.14,540.00,None,None,None,None
1759282793.974440,14,None,None,137.14,540.00,None,None,None,None
1759282794.005964,14,None,None,137.14,540.00,None,None,None,None
1759282794.032429,14,None,None,137.14,540.00,None,None,None,None
1759282794.051119,14,None,None,137.14,540.00,None,None,None,None
1759282794.077396,14,None,None,137.14,540.00,None,None,None,None
1759282794.097205,14,None,None,137.14,540.00,None,None,None,None
1759282794.113738,14,None,None,137.14,540.00,None,None,None,None
1759282794.128214,14,None,None,137.14,540.00,None,None,None,None
1759282794.147242,14,None,None,137.14,540.00,None,None,None,None
1759282794.168694,14,None,None,137.14,540.00,None,None,None,None
1759282794.188755,14,None,None,137.14,540.00,None,None,None,None
1759282794.208296,14,None,None,137.14,540.00,None,None,None,None
1759282794.233167,14,None,None,137.14,540.00,None,None,None,None
1759282794.254470,14,None,None,137.14,540.00,None,None,None,None
1759282794.285129,14,None,None,137.14,540.00,None,None,None,None
1759282794.321890,14,None,None,137.14,540.00,None,None,None,None
1759282794.348789,14,None,None,137.14,540.00,None,None,None,None
1759282794.377891,14,None,None,137.14,540.00,None,None,None,None
1759282794.392592,14,None,None,137.14,540.00,None,None,None,None
1759282794.405878,14,None,None,137.14,540.00,None,None,None,None
1759282794.430880,14,None,None,137.14,540.00,None,None,None,None
1759282794.455679,14,None,None,137.14,540.00,None,None,None,None
1759282794.477161,14,None,None,137.14,540.00,None,None,None,None
1759282794.509943,14,None,None,137.14,540.00,None,None,None,None
1759282794.533060,14,None,None,137.14,540.00,None,None,None,None
1759282794.548198,14,None,None,137.14,540.00,None,None,None,None
1759282794.580521,15,None,None,411.43,540.00,None,None,None,None
1759282794.603998,15,None,None,411.43,540.00,None,None,None,None
1759282794.619454,15,None,None,411.43,540.00,None,None,None,None
1759282794.635607,15,None,None,411.43,540.00,None,None,None,None
1759282794.663547,15,None,None,411.43,540.00,None,None,None,None
1759282794.679990,15,None,None,411.43,540.00,None,None,None,None
1759282794.713835,15,None,None,411.43,540.00,None,None,None,None
1759282794.738467,15,None,None,411.43,540.00,None,None,None,None
1759282794.761683,15,None,None,411.43,540.00,None,None,None,None
1759282794.785462,15,None,None,411.43,540.00,None,None,None,None
1759282794.803870,15,None,None,411.43,540.00,None,None,None,None
1759282794.821152,15,None,None,411.43,540.00,None,None,None,None
1759282794.841745,15,None,None,411.43,540.00,None,None,None,None
1759282794.872751,15,None,None,411.43,540.00,None,None,None,None
1759282794.887395,15,None,None,411.43,540.00,None,None,None,None
1759282794.908361,15,None,None,411.43,540.00,None,None,None,None
1759282794.936197,15,None,None,411.43,540.00,None,None,None,None
1759282794.955008,15,None,None,411.43,540.00,None,None,None,None
1759282794.988186,15,None,None,411.43,540.00,None,None,None,None
1759282795.008988,15,None,None,411.43,540.00,None,None,None,None
1759282795.023656,15,None,None,411.43,540.00,None,None,None,None
1759282795.041775,15,None,None,411.43,540.00,None,None,None,None
1759282795.066555,15,None,None,411.43,540.00,None,None,None,None
1759282795.083831,15,None,None,411.43,540.00,None,None,None,None
1759282795.110841,15,None,None,411.43,540.00,None,None,None,None
1759282795.133512,15,None,None,411.43,540.00,None,None,None,None
1759282795.157442,15,None,None,411.43,540.00,None,None,None,None
1759282795.170110,15,None,None,411.43,540.00,None,None,None,None
1759282795.203763,15,None,None,411.43,540.00,None,None,None,None
1759282795.225183,15,None,None,411.43,540.00,None,None,None,None
1759282795.242919,15,None,None,411.43,540.00,None,None,None,None
1759282795.265153,15,None,None,411.43,540.00,None,None,None,None
1759282795.284216,15,None,None,411.43,540.00,None,None,None,None
1759282795.300017,15,None,None,411.43,540.00,None,None,None,None
1759282795.325366,15,None,None,411.43,540.00,None,None,None,None
1759282795.341670,15,None,None,411.43,540.00,None,None,None,None
1759282795.361282,15,None,None,411.43,540.00,None,None,None,None
1759282795.391980,15,None,None,411.43,540.00,None,None,None,None
1759282795.407117,15,None,None,411.43,540.00,None,None,None,None
1759282795.421918,15,None,None,411.43,540.00,None,None,None,None
1759282795.450027,15,None,None,411.43,540.00,None,None,None,None
1759282795.467877,15,None,None,411.43,540.00,None,None,None,None
1759282795.500614,15,None,None,411.43,540.00,None,None,None,None
1759282795.525106,15,None,None,411.43,540.00,None,None,None,None
1759282795.540377,15,None,None,411.43,540.00,None,None,None,None
1759282795.565225,15,None,None,411.43,540.00,None,None,None,None
1759282795.589112,15,None,None,411.43,540.00,None,None,None,None
1759282795.603460,15,None,None,411.43,540.00,None,None,None,None
1759282795.628646,15,None,None,411.43,540.00,None,None,None,None
1759282795.651881,15,None,None,411.43,540.00,None,None,None,None
1759282795.675375,15,None,None,411.43,540.00,None,None,None,None
1759282795.689782,15,None,None,411.43,540.00,None,None,None,None
1759282795.710274,15,None,None,411.43,540.00,None,None,None,None
1759282795.737326,15,None,None,411.43,540.00,None,None,None,None
1759282795.759994,15,None,None,411.43,540.00,None,None,None,None
1759282795.785064,15,None,None,411.43,540.00,None,None,None,None
1759282795.806970,15,None,None,411.43,540.00,None,None,None,None
1759282795.835297,15,None,None,411.43,540.00,None,None,None,None
1759282795.870893,15,None,None,411.43,540.00,None,None,None,None
1759282795.906842,15,None,None,411.43,540.00,None,None,None,None
1759282795.930272,15,None,None,411.43,540.00,None,None,None,None
1759282795.945125,15,None,None,411.43,540.00,None,None,None,None
1759282795.973023,15,None,None,411.43,540.00,None,None,None,None
1759282795.993794,15,None,None,411.43,540.00,None,None,None,None
1759282796.008719,15,None,None,411.43,540.00,None,None,None,None
1759282796.033127,15,None,None,411.43,540.00,None,None,None,None
1759282796.057611,15,None,None,411.43,540.00,None,None,None,None
1759282796.078477,15,None,None,411.43,540.00,None,None,None,None
1759282796.101588,15,None,None,411.43,540.00,None,None,None,None
1759282796.123436,15,None,None,411.43,540.00,None,None,None,None
1759282796.145912,15,None,None,411.43,540.00,None,None,None,None
1759282796.158870,15,None,None,411.43,540.00,None,None,None,None
1759282796.196026,15,None,None,411.43,540.00,None,None,None,None
1759282796.217457,15,None,None,411.43,540.00,None,None,None,None
1759282796.243702,15,None,None,411.43,540.00,None,None,None,None
1759282796.265584,15,None,None,411.43,540.00,None,None,None,None
1759282796.289730,15,None,None,411.43,540.00,None,None,None,None
1759282796.315608,15,None,None,411.43,540.00,None,None,None,None
1759282796.344389,15,None,None,411.43,540.00,None,None,None,None
1759282796.359730,15,None,None,411.43,540.00,None,None,None,None
1759282796.381743,15,None,None,411.43,540.00,None,None,None,None
1759282796.410189,15,None,None,411.43,540.00,None,None,None,None
1759282796.428368,15,None,None,411.43,540.00,None,None,None,None
1759282796.454038,15,None,None,411.43,540.00,None,None,None,None
1759282796.477309,15,None,None,411.43,540.00,None,None,None,None
1759282796.491223,15,None,None,411.43,540.00,None,None,None,None
1759282796.520023,15,None,None,411.43,540.00,None,None,None,None
1759282796.537121,15,None,None,411.43,540.00,None,None,None,None
1759282796.560309,15,None,None,411.43,540.00,None,None,None,None
1759282796.575705,16,None,None,685.71,540.00,None,None,None,None
1759282796.609345,16,None,None,685.71,540.00,None,None,None,None
1759282796.629153,16,None,None,685.71,540.00,None,None,None,None
1759282796.642887,16,None,None,685.71,540.00,None,None,None,None
1759282796.657402,16,None,None,685.71,540.00,None,None,None,None
1759282796.688349,16,None,None,685.71,540.00,None,None,None,None
1759282796.713974,16,None,None,685.71,540.00,None,None,None,None
1759282796.739049,16,None,None,685.71,540.00,None,None,None,None
1759282796.768617,16,None,None,685.71,540.00,None,None,None,None
1759282796.806924,16,None,None,685.71,540.00,None,None,None,None
1759282796.831316,16,None,None,685.71,540.00,None,None,None,None
1759282796.866750,16,None,None,685.71,540.00,None,None,None,None
1759282796.880652,16,None,None,685.71,540.00,None,None,None,None
1759282796.905318,16,None,None,685.71,540.00,None,None,None,None
1759282796.935372,16,None,None,685.71,540.00,None,None,None,None
1759282796.961096,16,None,None,685.71,540.00,None,None,None,None
1759282796.991874,16,None,None,685.71,540.00,None,None,None,None
1759282797.038475,16,None,None,685.71,540.00,None,None,None,None
1759282797.059791,16,None,None,685.71,540.00,None,None,None,None
1759282797.073347,16,None,None,685.71,540.00,None,None,None,None
1759282797.088404,16,None,None,685.71,540.00,None,None,None,None
1759282797.116842,16,None,None,685.71,540.00,None,None,None,None
1759282797.134420,16,None,None,685.71,540.00,None,None,None,None
1759282797.166874,16,None,None,685.71,540.00,None,None,None,None
1759282797.188101,16,None,None,685.71,540.00,None,None,None,None
1759282797.212702,16,None,None,685.71,540.00,None,None,None,None
1759282797.228190,16,None,None,685.71,540.00,None,None,None,None
1759282797.260358,16,None,None,685.71,540.00,None,None,None,None
1759282797.279325,16,None,None,685.71,540.00,None,None,None,None
1759282797.292616,16,None,None,685.71,540.00,None,None,None,None
1759282797.313560,16,None,None,685.71,540.00,None,None,None,None
1759282797.346260,16,None,None,685.71,540.00,None,None,None,None
1759282797.361984,16,None,None,685.71,540.00,None,None,None,None
1759282797.384056,16,None,None,685.71,540.00,None,None,None,None
1759282797.418095,16,None,None,685.71,540.00,None,None,None,None
1759282797.438467,16,None,None,685.71,540.00,None,None,None,None
1759282797.461242,16,None,None,685.71,540.00,None,None,None,None
1759282797.481321,16,None,None,685.71,540.00,None,None,None,None
1759282797.496224,16,None,None,685.71,540.00,None,None,None,None
1759282797.525568,16,None,None,685.71,540.00,None,None,None,None
1759282797.549278,16,None,None,685.71,540.00,None,None,None,None
1759282797.565435,16,None,None,685.71,540.00,None,None,None,None
1759282797.593088,16,None,None,685.71,540.00,None,None,None,None
1759282797.612486,16,None,None,685.71,540.00,None,None,None,None
1759282797.629907,16,None,None,685.71,540.00,None,None,None,None
1759282797.649629,16,None,None,685.71,540.00,None,None,None,None
1759282797.671552,16,None,None,685.71,540.00,None,None,None,None
1759282797.696703,16,None,None,685.71,540.00,None,None,None,None
1759282797.709463,16,None,None,685.71,540.00,None,None,None,None
1759282797.735715,16,None,None,685.71,540.00,None,None,None,None
1759282797.757180,16,None,None,685.71,540.00,None,None,None,None
1759282797.782541,16,None,None,685.71,540.00,None,None,None,None
1759282797.798318,16,None,None,685.71,540.00,None,None,None,None
1759282797.812955,16,None,None,685.71,540.00,None,None,None,None
1759282797.828149,16,None,None,685.71,540.00,None,None,None,None
1759282797.850175,16,None,None,685.71,540.00,None,None,None,None
1759282797.869202,16,None,None,685.71,540.00,None,None,None,None
1759282797.901130,16,None,None,685.71,540.00,None,None,None,None
1759282797.925213,16,None,None,685.71,540.00,None,None,None,None
1759282797.940087,16,None,None,685.71,540.00,None,None,None,None
1759282797.965183,16,None,None,685.71,540.00,None,None,None,None
1759282797.985462,16,None,None,685.71,540.00,None,None,None,None
1759282798.008446,16,None,None,685.71,540.00,None,None,None,None
1759282798.033832,16,None,None,685.71,540.00,None,None,None,None
1759282798.057571,16,None,None,685.71,540.00,None,None,None,None
1759282798.074475,16,None,None,685.71,540.00,None,None,None,None
1759282798.110365,16,None,None,685.71,540.00,None,None,None,None
1759282798.135494,16,None,None,685.71,540.00,None,None,None,None
1759282798.150586,16,None,None,685.71,540.00,None,None,None,None
1759282798.167406,16,None,None,685.71,540.00,None,None,None,None
1759282798.197089,16,None,None,685.71,540.00,None,None,None,None
1759282798.212058,16,None,None,685.71,540.00,None,None,None,None
1759282798.233327,16,None,None,685.71,540.00,None,None,None,None
1759282798.257131,16,None,None,685.71,540.00,None,None,None,None
1759282798.278834,16,None,None,685.71,540.00,None,None,None,None
1759282798.309425,16,None,None,685.71,540.00,None,None,None,None
1759282798.339019,16,None,None,685.71,540.00,None,None,None,None
1759282798.365119,16,None,None,685.71,540.00,None,None,None,None
1759282798.399419,16,None,None,685.71,540.00,None,None,None,None
1759282798.413926,16,None,None,685.71,540.00,None,None,None,None
1759282798.434730,16,None,None,685.71,540.00,None,None,None,None
1759282798.457000,16,None,None,685.71,540.00,None,None,None,None
1759282798.477780,16,None,None,685.71,540.00,None,None,None,None
1759282798.516249,16,None,None,685.71,540.00,None,None,None,None
1759282798.537236,16,None,None,685.71,540.00,None,None,None,None
1759282798.557128,16,None,None,685.71,540.00,None,None,None,None
1759282798.572584,16,None,None,685.71,540.00,None,None,None,None
1759282798.605186,17,None,None,960.00,540.00,None,None,None,None
1759282798.634543,17,None,None,960.00,540.00,None,None,None,None
1759282798.652974,17,None,None,960.00,540.00,None,None,None,None
1759282798.688696,17,None,None,960.00,540.00,None,None,None,None
1759282798.705739,17,None,None,960.00,540.00,None,None,None,None
1759282798.721013,17,None,None,960.00,540.00,None,None,None,None
1759282798.754342,17,None,None,960.00,540.00,None,None,None,None
1759282798.778576,17,None,None,960.00,540.00,None,None,None,None
1759282798.795733,17,None,None,960.00,540.00,None,None,None,None
1759282798.821212,17,None,None,960.00,540.00,None,None,None,None
1759282798.838608,17,None,None,960.00,540.00,None,None,None,None
1759282798.857079,17,None,None,960.00,540.00,None,None,None,None
1759282798.881244,17,None,None,960.00,540.00,None,None,None,None
1759282798.901118,17,None,None,960.00,540.00,None,None,None,None
1759282798.923523,17,None,None,960.00,540.00,None,None,None,None
1759282798.941258,17,None,None,960.00,540.00,None,None,None,None
1759282798.965214,17,None,None,960.00,540.00,None,None,None,None
1759282798.981837,17,None,None,960.00,540.00,None,None,None,None
1759282799.001666,17,None,None,960.00,540.00,None,None,None,None
1759282799.031874,17,None,None,960.00,540.00,None,None,None,None
1759282799.053101,17,None,None,960.00,540.00,None,None,None,None
1759282799.073770,17,None,None,960.00,540.00,None,None,None,None
1759282799.110466,17,None,None,960.00,540.00,None,None,None,None
1759282799.135494,17,None,None,960.00,540.00,None,None,None,None
1759282799.156066,17,None,None,960.00,540.00,None,None,None,None
1759282799.175103,17,None,None,960.00,540.00,None,None,None,None
1759282799.206037,17,None,None,960.00,540.00,None,None,None,None
1759282799.229578,17,None,None,960.00,540.00,None,None,None,None
1759282799.249769,17,None,None,960.00,540.00,None,None,None,None
1759282799.273838,17,None,None,960.00,540.00,None,None,None,None
1759282799.305469,17,None,None,960.00,540.00,None,None,None,None
1759282799.326627,17,None,None,960.00,540.00,None,None,None,None
1759282799.344647,17,None,None,960.00,540.00,None,None,None,None
1759282799.378816,17,None,None,960.00,540.00,None,None,None,None
1759282799.406034,17,None,None,960.00,540.00,None,None,None,None
1759282799.432860,17,None,None,960.00,540.00,None,None,None,None
1759282799.464855,17,None,None,960.00,540.00,None,None,None,None
1759282799.479794,17,None,None,960.00,540.00,None,None,None,None
1759282799.498901,17,None,None,960.00,540.00,None,None,None,None
1759282799.526555,17,None,None,960.00,540.00,None,None,None,None
1759282799.541798,17,None,None,960.00,540.00,None,None,None,None
1759282799.556776,17,None,None,960.00,540.00,None,None,None,None
1759282799.574566,17,None,None,960.00,540.00,None,None,None,None
1759282799.593142,17,None,None,960.00,540.00,None,None,None,None
1759282799.618173,17,None,None,960.00,540.00,None,None,None,None
1759282799.641811,17,None,None,960.00,540.00,None,None,None,None
1759282799.666334,17,None,None,960.00,540.00,None,None,None,None
1759282799.686315,17,None,None,960.00,540.00,None,None,None,None
1759282799.713836,17,None,None,960.00,540.00,None,None,None,None
1759282799.737190,17,None,None,960.00,540.00,None,None,None,None
1759282799.751164,17,None,None,960.00,540.00,None,None,None,None
1759282799.765585,17,None,None,960.00,540.00,None,None,None,None
1759282799.801096,17,None,None,960.00,540.00,None,None,None,None
1759282799.825420,17,None,None,960.00,540.00,None,None,None,None
1759282799.849622,17,None,None,960.00,540.00,None,None,None,None
1759282799.869196,17,None,None,960.00,540.00,None,None,None,None
1759282799.895108,17,None,None,960.00,540.00,None,None,None,None
1759282799.917659,17,None,None,960.00,540.00,None,None,None,None
1759282799.941188,17,None,None,960.00,540.00,None,None,None,None
1759282799.955384,17,None,None,960.00,540.00,None,None,None,None
1759282799.984771,17,None,None,960.00,540.00,None,None,None,None
1759282800.015899,17,None,None,960.00,540.00,None,None,None,None
1759282800.030398,17,None,None,960.00,540.00,None,None,None,None
1759282800.055701,17,None,None,960.00,540.00,None,None,None,None
1759282800.080002,17,None,None,960.00,540.00,None,None,None,None
1759282800.096519,17,None,None,960.00,540.00,None,None,None,None
1759282800.133124,17,None,None,960.00,540.00,None,None,None,None
1759282800.151489,17,None,None,960.00,540.00,None,None,None,None
1759282800.185066,17,None,None,960.00,540.00,None,None,None,None
1759282800.209102,17,None,None,960.00,540.00,None,None,None,None
1759282800.224129,17,None,None,960.00,540.00,None,None,None,None
1759282800.257191,17,None,None,960.00,540.00,None,None,None,None
1759282800.283969,17,None,None,960.00,540.00,None,None,None,None
1759282800.309045,17,None,None,960.00,540.00,None,None,None,None
1759282800.336094,17,None,None,960.00,540.00,None,None,None,None
1759282800.353766,17,None,None,960.00,540.00,None,None,None,None
1759282800.375148,17,None,None,960.00,540.00,None,None,None,None
1759282800.405113,17,None,None,960.00,540.00,None,None,None,None
1759282800.425283,17,None,None,960.00,540.00,None,None,None,None
1759282800.457075,17,None,None,960.00,540.00,None,None,None,None
1759282800.484977,17,None,None,960.00,540.00,None,None,None,None
1759282800.516270,17,None,None,960.00,540.00,None,None,None,None
1759282800.539549,17,None,None,960.00,540.00,None,None,None,None
1759282800.561236,17,None,None,960.00,540.00,None,None,None,None
1759282800.585644,17,None,None,960.00,540.00,None,None,None,None
1759282800.607967,18,None,None,1234.29,540.00,None,None,None,None
1759282800.625415,18,None,None,1234.29,540.00,None,None,None,None
1759282800.650767,18,None,None,1234.29,540.00,None,None,None,None
1759282800.668339,18,None,None,1234.29,540.00,None,None,None,None
1759282800.691859,18,None,None,1234.29,540.00,None,None,None,None
1759282800.708533,18,None,None,1234.29,540.00,None,None,None,None
1759282800.723562,18,None,None,1234.29,540.00,None,None,None,None
1759282800.757100,18,None,None,1234.29,540.00,None,None,None,None
1759282800.771148,18,None,None,1234.29,540.00,None,None,None,None
1759282800.796262,18,None,None,1234.29,540.00,None,None,None,None
1759282800.829146,18,None,None,1234.29,540.00,None,None,None,None
1759282800.848835,18,None,None,1234.29,540.00,None,None,None,None
1759282800.862864,18,None,None,1234.29,540.00,None,None,None,None
1759282800.889264,18,None,None,1234.29,540.00,None,None,None,None
1759282800.914896,18,None,None,1234.29,540.00,None,None,None,None
1759282800.931539,18,None,None,1234.29,540.00,None,None,None,None
1759282800.957282,18,None,None,1234.29,540.00,None,None,None,None
1759282800.981374,18,None,None,1234.29,540.00,None,None,None,None
1759282800.997029,18,None,None,1234.29,540.00,None,None,None,None
1759282801.032032,18,None,None,1234.29,540.00,None,None,None,None
1759282801.047548,18,None,None,1234.29,540.00,None,None,None,None
1759282801.065928,18,None,None,1234.29,540.00,None,None,None,None
1759282801.093187,18,None,None,1234.29,540.00,None,None,None,None
1759282801.116100,18,None,None,1234.29,540.00,None,None,None,None
1759282801.136864,18,None,None,1234.29,540.00,None,None,None,None
1759282801.165185,18,None,None,1234.29,540.00,None,None,None,None
1759282801.188262,18,None,None,1234.29,540.00,None,None,None,None
1759282801.206430,18,None,None,1234.29,540.00,None,None,None,None
1759282801.229726,18,None,None,1234.29,540.00,None,None,None,None
1759282801.251981,18,None,None,1234.29,540.00,None,None,None,None
1759282801.271322,18,None,None,1234.29,540.00,None,None,None,None
1759282801.296484,18,None,None,1234.29,540.00,None,None,None,None
1759282801.326157,18,None,None,1234.29,540.00,None,None,None,None
1759282801.345862,18,None,None,1234.29,540.00,None,None,None,None
1759282801.364418,18,None,None,1234.29,540.00,None,None,None,None
1759282801.389832,18,None,None,1234.29,540.00,None,None,None,None
1759282801.409902,18,None,None,1234.29,540.00,None,None,None,None
1759282801.438486,18,None,None,1234.29,540.00,None,None,None,None
1759282801.471522,18,None,None,1234.29,540.00,None,None,None,None
1759282801.496854,18,None,None,1234.29,540.00,None,None,None,None
1759282801.519340,18,None,None,1234.29,540.00,None,None,None,None
1759282801.539902,18,None,None,1234.29,540.00,None,None,None,None
1759282801.569103,18,None,None,1234.29,540.00,None,None,None,None
1759282801.593413,18,None,None,1234.29,540.00,None,None,None,None
1759282801.606448,18,None,None,1234.29,540.00,None,None,None,None
1759282801.637145,18,None,None,1234.29,540.00,None,None,None,None
1759282801.659728,18,None,None,1234.29,540.00,None,None,None,None
1759282801.678732,18,None,None,1234.29,540.00,None,None,None,None
1759282801.693181,18,None,None,1234.29,540.00,None,None,None,None
1759282801.711641,18,None,None,1234.29,540.00,None,None,None,None
1759282801.736153,18,None,None,1234.29,540.00,None,None,None,None
1759282801.765078,18,None,None,1234.29,540.00,None,None,None,None
1759282801.789086,18,None,None,1234.29,540.00,None,None,None,None
1759282801.805401,18,None,None,1234.29,540.00,None,None,None,None
1759282801.825137,18,None,None,1234.29,540.00,None,None,None,None
1759282801.851418,18,None,None,1234.29,540.00,None,None,None,None
1759282801.865252,18,None,None,1234.29,540.00,None,None,None,None
1759282801.880185,18,None,None,1234.29,540.00,None,None,None,None
1759282801.893087,18,None,None,1234.29,540.00,None,None,None,None
1759282801.921094,18,None,None,1234.29,540.00,None,None,None,None
1759282801.944296,18,None,None,1234.29,540.00,None,None,None,None
1759282801.960152,18,None,None,1234.29,540.00,None,None,None,None
1759282801.977786,18,None,None,1234.29,540.00,None,None,None,None
1759282801.999728,18,None,None,1234.29,540.00,None,None,None,None
1759282802.016295,18,None,None,1234.29,540.00,None,None,None,None
1759282802.033299,18,None,None,1234.29,540.00,None,None,None,None
1759282802.049011,18,None,None,1234.29,540.00,None,None,None,None
1759282802.083476,18,None,None,1234.29,540.00,None,None,None,None
1759282802.104955,18,None,None,1234.29,540.00,None,None,None,None
1759282802.124492,18,None,None,1234.29,540.00,None,None,None,None
1759282802.149000,18,None,None,1234.29,540.00,None,None,None,None
1759282802.174221,18,None,None,1234.29,540.00,None,None,None,None
1759282802.199338,18,None,None,1234.29,540.00,None,None,None,None
1759282802.225173,18,None,None,1234.29,540.00,None,None,None,None
1759282802.243702,18,None,None,1234.29,540.00,None,None,None,None
1759282802.263031,18,None,None,1234.29,540.00,None,None,None,None
1759282802.279577,18,None,None,1234.29,540.00,None,None,None,None
1759282802.309826,18,None,None,1234.29,540.00,None,None,None,None
1759282802.331048,18,None,None,1234.29,540.00,None,None,None,None
1759282802.347516,18,None,None,1234.29,540.00,None,None,None,None
1759282802.375064,18,None,None,1234.29,540.00,None,None,None,None
1759282802.401608,18,None,None,1234.29,540.00,None,None,None,None
1759282802.437209,18,None,None,1234.29,540.00,None,None,None,None
1759282802.467064,18,None,None,1234.29,540.00,None,None,None,None
1759282802.501086,18,None,None,1234.29,540.00,None,None,None,None
1759282802.522186,18,None,None,1234.29,540.00,None,None,None,None
1759282802.539392,18,None,None,1234.29,540.00,None,None,None,None
1759282802.569244,18,None,None,1234.29,540.00,None,None,None,None
1759282802.599414,18,None,None,1234.29,540.00,None,None,None,None
1759282802.624635,19,None,None,1508.57,540.00,None,None,None,None
1759282802.651833,19,None,None,1508.57,540.00,None,None,None,None
1759282802.669881,19,None,None,1508.57,540.00,None,None,None,None
1759282802.692039,19,None,None,1508.57,540.00,None,None,None,None
1759282802.716058,19,None,None,1508.57,540.00,None,None,None,None
1759282802.742412,19,None,None,1508.57,540.00,None,None,None,None
1759282802.783638,19,None,None,1508.57,540.00,None,None,None,None
1759282802.808840,19,None,None,1508.57,540.00,None,None,None,None
1759282802.837118,19,None,None,1508.57,540.00,None,None,None,None
1759282802.861099,19,None,None,1508.57,540.00,None,None,None,None
1759282802.893137,19,None,None,1508.57,540.00,None,None,None,None
1759282802.917197,19,None,None,1508.57,540.00,None,None,None,None
1759282802.937279,19,None,None,1508.57,540.00,None,None,None,None
1759282802.953724,19,None,None,1508.57,540.00,None,None,None,None
1759282802.980076,19,None,None,1508.57,540.00,None,None,None,None
1759282802.999944,19,None,None,1508.57,540.00,None,None,None,None
1759282803.018405,19,None,None,1508.57,540.00,None,None,None,None
1759282803.043903,19,None,None,1508.57,540.00,None,None,None,None
1759282803.069083,19,None,None,1508.57,540.00,None,None,None,None
1759282803.083749,19,None,None,1508.57,540.00,None,None,None,None
1759282803.109425,19,None,None,1508.57,540.00,None,None,None,None
1759282803.129386,19,None,None,1508.57,540.00,None,None,None,None
1759282803.153391,19,None,None,1508.57,540.00,None,None,None,None
1759282803.172798,19,None,None,1508.57,540.00,None,None,None,None
1759282803.188668,19,None,None,1508.57,540.00,None,None,None,None
1759282803.213117,19,None,None,1508.57,540.00,None,None,None,None
1759282803.229270,19,None,None,1508.57,540.00,None,None,None,None
1759282803.247217,19,None,None,1508.57,540.00,None,None,None,None
1759282803.264739,19,None,None,1508.57,540.00,None,None,None,None
1759282803.289185,19,None,None,1508.57,540.00,None,None,None,None
1759282803.302209,19,None,None,1508.57,540.00,None,None,None,None
1759282803.333158,19,None,None,1508.57,540.00,None,None,None,None
1759282803.367716,19,None,None,1508.57,540.00,None,None,None,None
1759282803.391715,19,None,None,1508.57,540.00,None,None,None,None
1759282803.422435,19,None,None,1508.57,540.00,None,None,None,None
1759282803.437755,19,None,None,1508.57,540.00,None,None,None,None
1759282803.482749,19,None,None,1508.57,540.00,None,None,None,None
1759282803.505820,19,None,None,1508.57,540.00,None,None,None,None
1759282803.529108,19,None,None,1508.57,540.00,None,None,None,None
1759282803.549080,19,None,None,1508.57,540.00,None,None,None,None
1759282803.567428,19,None,None,1508.57,540.00,None,None,None,None
1759282803.593920,19,None,None,1508.57,540.00,None,None,None,None
1759282803.609627,19,None,None,1508.57,540.00,None,None,None,None
1759282803.639752,19,None,None,1508.57,540.00,None,None,None,None
1759282803.665620,19,None,None,1508.57,540.00,None,None,None,None
1759282803.681014,19,None,None,1508.57,540.00,None,None,None,None
1759282803.694754,19,None,None,1508.57,540.00,None,None,None,None
1759282803.732034,19,None,None,1508.57,540.00,None,None,None,None
1759282803.755821,19,None,None,1508.57,540.00,None,None,None,None
1759282803.787392,19,None,None,1508.57,540.00,None,None,None,None
1759282803.809257,19,None,None,1508.57,540.00,None,None,None,None
1759282803.822285,19,None,None,1508.57,540.00,None,None,None,None
1759282803.861111,19,None,None,1508.57,540.00,None,None,None,None
1759282803.882408,19,None,None,1508.57,540.00,None,None,None,None
1759282803.896548,19,None,None,1508.57,540.00,None,None,None,None
1759282803.928103,19,None,None,1508.57,540.00,None,None,None,None
1759282803.949411,19,None,None,1508.57,540.00,None,None,None,None
1759282803.966779,19,None,None,1508.57,540.00,None,None,None,None
1759282803.997077,19,None,None,1508.57,540.00,None,None,None,None
1759282804.021198,19,None,None,1508.57,540.00,None,None,None,None
1759282804.050732,19,None,None,1508.57,540.00,None,None,None,None
1759282804.073326,19,None,None,1508.57,540.00,None,None,None,None
1759282804.089476,19,None,None,1508.57,540.00,None,None,None,None
1759282804.124944,19,None,None,1508.57,540.00,None,None,None,None
1759282804.138654,19,None,None,1508.57,540.00,None,None,None,None
1759282804.159127,19,None,None,1508.57,540.00,None,None,None,None
1759282804.185892,19,None,None,1508.57,540.00,None,None,None,None
1759282804.204286,19,None,None,1508.57,540.00,None,None,None,None
1759282804.223927,19,None,None,1508.57,540.00,None,None,None,None
1759282804.249780,19,None,None,1508.57,540.00,None,None,None,None
1759282804.272174,19,None,None,1508.57,540.00,None,None,None,None
1759282804.291428,19,None,None,1508.57,540.00,None,None,None,None
1759282804.321079,19,None,None,1508.57,540.00,None,None,None,None
1759282804.344297,19,None,None,1508.57,540.00,None,None,None,None
1759282804.359623,19,None,None,1508.57,540.00,None,None,None,None
1759282804.378860,19,None,None,1508.57,540.00,None,None,None,None
1759282804.404684,19,None,None,1508.57,540.00,None,None,None,None
1759282804.425973,19,None,None,1508.57,540.00,None,None,None,None
1759282804.459435,19,None,None,1508.57,540.00,None,None,None,None
1759282804.481822,19,None,None,1508.57,540.00,None,None,None,None
1759282804.498251,19,None,None,1508.57,540.00,None,None,None,None
1759282804.533084,19,None,None,1508.57,540.00,None,None,None,None
1759282804.558757,19,None,None,1508.57,540.00,None,None,None,None
1759282804.592838,19,None,None,1508.57,540.00,None,None,None,None
1759282804.611979,19,None,None,1508.57,540.00,None,None,None,None
1759282804.625562,20,None,None,1782.86,540.00,None,None,None,None
1759282804.669351,20,None,None,1782.86,540.00,None,None,None,None
1759282804.686187,20,None,None,1782.86,540.00,None,None,None,None
1759282804.711991,20,None,None,1782.86,540.00,None,None,None,None
1759282804.741359,20,None,None,1782.86,540.00,None,None,None,None
1759282804.754824,20,None,None,1782.86,540.00,None,None,None,None
1759282804.789457,20,None,None,1782.86,540.00,None,None,None,None
1759282804.806036,20,None,None,1782.86,540.00,None,None,None,None
1759282804.824671,20,None,None,1782.86,540.00,None,None,None,None
1759282804.853161,20,None,None,1782.86,540.00,None,None,None,None
1759282804.877550,20,None,None,1782.86,540.00,None,None,None,None
1759282804.896792,20,None,None,1782.86,540.00,None,None,None,None
1759282804.921114,20,None,None,1782.86,540.00,None,None,None,None
1759282804.938391,20,None,None,1782.86,540.00,None,None,None,None
1759282804.960220,20,None,None,1782.86,540.00,None,None,None,None
1759282804.972710,20,None,None,1782.86,540.00,None,None,None,None
1759282804.993346,20,None,None,1782.86,540.00,None,None,None,None
1759282805.015723,20,None,None,1782.86,540.00,None,None,None,None
1759282805.034986,20,None,None,1782.86,540.00,None,None,None,None
1759282805.073112,20,None,None,1782.86,540.00,None,None,None,None
1759282805.093428,20,None,None,1782.86,540.00,None,None,None,None
1759282805.111282,20,None,None,1782.86,540.00,None,None,None,None
1759282805.145088,20,None,None,1782.86,540.00,None,None,None,None
1759282805.164987,20,None,None,1782.86,540.00,None,None,None,None
1759282805.184769,20,None,None,1782.86,540.00,None,None,None,None
1759282805.213526,20,None,None,1782.86,540.00,None,None,None,None
1759282805.233516,20,None,None,1782.86,540.00,None,None,None,None
1759282805.264888,20,None,None,1782.86,540.00,None,None,None,None
1759282805.289505,20,None,None,1782.86,540.00,None,None,None,None
1759282805.307580,20,None,None,1782.86,540.00,None,None,None,None
1759282805.327018,20,None,None,1782.86,540.00,None,None,None,None
1759282805.357121,20,None,None,1782.86,540.00,None,None,None,None
1759282805.383980,20,None,None,1782.86,540.00,None,None,None,None
1759282805.414403,20,None,None,1782.86,540.00,None,None,None,None
1759282805.441809,20,None,None,1782.86,540.00,None,None,None,None
1759282805.481105,20,None,None,1782.86,540.00,None,None,None,None
1759282805.501056,20,None,None,1782.86,540.00,None,None,None,None
1759282805.519344,20,None,None,1782.86,540.00,None,None,None,None
1759282805.533004,20,None,None,1782.86,540.00,None,None,None,None
1759282805.554344,20,None,None,1782.86,540.00,None,None,None,None
1759282805.583054,20,None,None,1782.86,540.00,None,None,None,None
1759282805.597139,20,None,None,1782.86,540.00,None,None,None,None
1759282805.631521,20,None,None,1782.86,540.00,None,None,None,None
1759282805.656930,20,None,None,1782.86,540.00,None,None,None,None
1759282805.672245,20,None,None,1782.86,540.00,None,None,None,None
1759282805.694941,20,None,None,1782.86,540.00,None,None,None,None
1759282805.720024,20,None,None,1782.86,540.00,None,None,None,None
1759282805.753453,20,None,None,1782.86,540.00,None,None,None,None
1759282805.775425,20,None,None,1782.86,540.00,None,None,None,None
1759282805.790122,20,None,None,1782.86,540.00,None,None,None,None
1759282805.803561,20,None,None,1782.86,540.00,None,None,None,None
1759282805.821441,20,None,None,1782.86,540.00,None,None,None,None
1759282805.848659,20,None,None,1782.86,540.00,None,None,None,None
1759282805.863942,20,None,None,1782.86,540.00,None,None,None,None
1759282805.877846,20,None,None,1782.86,540.00,None,None,None,None
1759282805.914682,20,None,None,1782.86,540.00,None,None,None,None
1759282805.942212,20,None,None,1782.86,540.00,None,None,None,None
1759282805.969122,20,None,None,1782.86,540.00,None,None,None,None
1759282805.992165,20,None,None,1782.86,540.00,None,None,None,None
1759282806.011343,20,None,None,1782.86,540.00,None,None,None,None
1759282806.030509,20,None,None,1782.86,540.00,None,None,None,None
1759282806.055090,20,None,None,1782.86,540.00,None,None,None,None
1759282806.077916,20,None,None,1782.86,540.00,None,None,None,None
1759282806.101346,20,None,None,1782.86,540.00,None,None,None,None
1759282806.133083,20,None,None,1782.86,540.00,None,None,None,None
1759282806.146878,20,None,None,1782.86,540.00,None,None,None,None
1759282806.169204,20,None,None,1782.86,540.00,None,None,None,None
1759282806.201563,20,None,None,1782.86,540.00,None,None,None,None
1759282806.228658,20,None,None,1782.86,540.00,None,None,None,None
1759282806.253598,20,None,None,1782.86,540.00,None,None,None,None
1759282806.272732,20,None,None,1782.86,540.00,None,None,None,None
1759282806.293434,20,None,None,1782.86,540.00,None,None,None,None
1759282806.317577,20,None,None,1782.86,540.00,None,None,None,None
1759282806.353115,20,None,None,1782.86,540.00,None,None,None,None
1759282806.399158,20,None,None,1782.86,540.00,None,None,None,None
1759282806.413630,20,None,None,1782.86,540.00,None,None,None,None
1759282806.446501,20,None,None,1782.86,540.00,None,None,None,None
1759282806.477710,20,None,None,1782.86,540.00,None,None,None,None
1759282806.501152,20,None,None,1782.86,540.00,None,None,None,None
1759282806.540221,20,None,None,1782.86,540.00,None,None,None,None
1759282806.560097,20,None,None,1782.86,540.00,None,None,None,None
1759282806.584036,20,None,None,1782.86,540.00,None,None,None,None
1759282806.614963,20,None,None,1782.86,540.00,None,None,None,None
1759282806.653118,21,None,None,137.14,756.00,None,None,None,None
1759282806.673259,21,None,None,137.14,756.00,None,None,None,None
1759282806.691126,21,None,None,137.14,756.00,None,None,None,None
1759282806.704990,21,None,None,137.14,756.00,None,None,None,None
1759282806.721447,21,None,None,137.14,756.00,None,None,None,None
1759282806.739523,21,None,None,137.14,756.00,None,None,None,None
1759282806.753564,21,None,None,137.14,756.00,None,None,None,None
1759282806.778296,21,None,None,137.14,756.00,None,None,None,None
1759282806.798823,21,None,None,137.14,756.00,None,None,None,None
1759282806.813752,21,None,None,137.14,756.00,None,None,None,None
1759282806.829712,21,None,None,137.14,756.00,None,None,None,None
1759282806.852117,21,None,None,137.14,756.00,None,None,None,None
1759282806.880132,21,None,None,137.14,756.00,None,None,None,None
1759282806.895245,21,None,None,137.14,756.00,None,None,None,None
1759282806.925369,21,None,None,137.14,756.00,None,None,None,None
1759282806.941993,21,None,None,137.14,756.00,None,None,None,None
1759282806.957935,21,None,None,137.14,756.00,None,None,None,None
1759282806.976469,21,None,None,137.14,756.00,None,None,None,None
1759282806.998940,21,None,None,137.14,756.00,None,None,None,None
1759282807.026831,21,None,None,137.14,756.00,None,None,None,None
1759282807.057096,21,None,None,137.14,756.00,None,None,None,None
1759282807.080320,21,None,None,137.14,756.00,None,None,None,None
1759282807.098169,21,None,None,137.14,756.00,None,None,None,None
1759282807.117135,21,None,None,137.14,756.00,None,None,None,None
1759282807.139572,21,None,None,137.14,756.00,None,None,None,None
1759282807.157487,21,None,None,137.14,756.00,None,None,None,None
1759282807.171328,21,None,None,137.14,756.00,None,None,None,None
1759282807.197108,21,None,None,137.14,756.00,None,None,None,None
1759282807.213569,21,None,None,137.14,756.00,None,None,None,None
1759282807.239992,21,None,None,137.14,756.00,None,None,None,None
1759282807.258233,21,None,None,137.14,756.00,None,None,None,None
1759282807.275454,21,None,None,137.14,756.00,None,None,None,None
1759282807.301203,21,None,None,137.14,756.00,None,None,None,None
1759282807.331322,21,None,None,137.14,756.00,None,None,None,None
1759282807.353566,21,None,None,137.14,756.00,None,None,None,None
1759282807.375925,21,None,None,137.14,756.00,None,None,None,None
1759282807.404276,21,None,None,137.14,756.00,None,None,None,None
1759282807.427571,21,None,None,137.14,756.00,None,None,None,None
1759282807.448164,21,None,None,137.14,756.00,None,None,None,None
1759282807.461643,21,None,None,137.14,756.00,None,None,None,None
1759282807.482705,21,None,None,137.14,756.00,None,None,None,None
1759282807.507287,21,None,None,137.14,756.00,None,None,None,None
1759282807.525594,21,None,None,137.14,756.00,None,None,None,None
1759282807.548132,21,None,None,137.14,756.00,None,None,None,None
1759282807.569287,21,None,None,137.14,756.00,None,None,None,None
1759282807.589890,21,None,None,137.14,756.00,None,None,None,None
1759282807.603047,21,None,None,137.14,756.00,None,None,None,None
1759282807.625193,21,None,None,137.14,756.00,None,None,None,None
1759282807.646296,21,None,None,137.14,756.00,None,None,None,None
1759282807.666689,21,None,None,137.14,756.00,None,None,None,None
1759282807.685120,21,None,None,137.14,756.00,None,None,None,None
1759282807.710416,21,None,None,137.14,756.00,None,None,None,None
1759282807.735541,21,None,None,137.14,756.00,None,None,None,None
1759282807.749934,21,None,None,137.14,756.00,None,None,None,None
1759282807.769756,21,None,None,137.14,756.00,None,None,None,None
1759282807.795750,21,None,None,137.14,756.00,None,None,None,None
1759282807.817090,21,None,None,137.14,756.00,None,None,None,None
1759282807.833385,21,None,None,137.14,756.00,None,None,None,None
1759282807.873084,21,None,None,137.14,756.00,None,None,None,None
1759282807.889365,21,None,None,137.14,756.00,None,None,None,None
1759282807.917167,21,None,None,137.14,756.00,None,None,None,None
1759282807.941248,21,None,None,137.14,756.00,None,None,None,None
1759282807.955442,21,None,None,137.14,756.00,None,None,None,None
1759282807.969649,21,None,None,137.14,756.00,None,None,None,None
1759282807.994241,21,None,None,137.14,756.00,None,None,None,None
1759282808.024206,21,None,None,137.14,756.00,None,None,None,None
1759282808.054510,21,None,None,137.14,756.00,None,None,None,None
1759282808.077266,21,None,None,137.14,756.00,None,None,None,None
1759282808.090895,21,None,None,137.14,756.00,None,None,None,None
1759282808.129771,21,None,None,137.14,756.00,None,None,None,None
1759282808.152444,21,None,None,137.14,756.00,None,None,None,None
1759282808.184011,21,None,None,137.14,756.00,None,None,None,None
1759282808.196231,21,None,None,137.14,756.00,None,None,None,None
1759282808.225227,21,None,None,137.14,756.00,None,None,None,None
1759282808.249585,21,None,None,137.14,756.00,None,None,None,None
1759282808.269298,21,None,None,137.14,756.00,None,None,None,None
1759282808.289417,21,None,None,137.14,756.00,None,None,None,None
1759282808.317116,21,None,None,137.14,756.00,None,None,None,None
1759282808.337480,21,None,None,137.14,756.00,None,None,None,None
1759282808.364738,21,None,None,137.14,756.00,None,None,None,None
1759282808.384260,21,None,None,137.14,756.00,None,None,None,None
1759282808.414223,21,None,None,137.14,756.00,None,None,None,None
1759282808.435496,21,None,None,137.14,756.00,None,None,None,None
1759282808.466197,21,None,None,137.14,756.00,None,None,None,None
1759282808.486149,21,None,None,137.14,756.00,None,None,None,None
1759282808.507267,21,None,None,137.14,756.00,None,None,None,None
1759282808.534781,21,None,None,137.14,756.00,None,None,None,None
1759282808.556532,21,None,None,137.14,756.00,None,None,None,None
1759282808.580828,21,None,None,137.14,756.00,None,None,None,None
1759282808.597212,21,None,None,137.14,756.00,None,None,None,None
1759282808.623031,21,None,None,137.14,756.00,None,None,None,None
1759282808.658171,22,None,None,411.43,756.00,None,None,None,None
1759282808.679778,22,None,None,411.43,756.00,None,None,None,None
1759282808.709598,22,None,None,411.43,756.00,None,None,None,None
1759282808.735392,22,None,None,411.43,756.00,None,None,None,None
1759282808.753870,22,None,None,411.43,756.00,None,None,None,None
1759282808.783341,22,None,None,411.43,756.00,None,None,None,None
1759282808.832291,22,None,None,411.43,756.00,None,None,None,None
1759282808.852045,22,None,None,411.43,756.00,None,None,None,None
1759282808.876644,22,None,None,411.43,756.00,None,None,None,None
1759282808.889638,22,None,None,411.43,756.00,None,None,None,None
1759282808.912528,22,None,None,411.43,756.00,None,None,None,None
1759282808.930451,22,None,None,411.43,756.00,None,None,None,None
1759282808.962587,22,None,None,411.43,756.00,None,None,None,None
1759282808.989164,22,None,None,411.43,756.00,None,None,None,None
1759282809.004131,22,None,None,411.43,756.00,None,None,None,None
1759282809.028644,22,None,None,411.43,756.00,None,None,None,None
1759282809.053105,22,None,None,411.43,756.00,None,None,None,None
1759282809.072521,22,None,None,411.43,756.00,None,None,None,None
1759282809.096698,22,None,None,411.43,756.00,None,None,None,None
1759282809.114020,22,None,None,411.43,756.00,None,None,None,None
1759282809.138618,22,None,None,411.43,756.00,None,None,None,None
1759282809.161511,22,None,None,411.43,756.00,None,None,None,None
1759282809.195885,22,None,None,411.43,756.00,None,None,None,None
1759282809.209060,22,None,None,411.43,756.00,None,None,None,None
1759282809.241882,22,None,None,411.43,756.00,None,None,None,None
1759282809.270234,22,None,None,411.43,756.00,None,None,None,None
1759282809.285756,22,None,None,411.43,756.00,None,None,None,None
1759282809.300604,22,None,None,411.43,756.00,None,None,None,None
1759282809.328240,22,None,None,411.43,756.00,None,None,None,None
1759282809.349736,22,None,None,411.43,756.00,None,None,None,None
1759282809.368799,22,None,None,411.43,756.00,None,None,None,None
1759282809.399987,22,None,None,411.43,756.00,None,None,None,None
1759282809.421191,22,None,None,411.43,756.00,None,None,None,None
1759282809.450746,22,None,None,411.43,756.00,None,None,None,None
1759282809.470210,22,None,None,411.43,756.00,None,None,None,None
1759282809.495823,22,None,None,411.43,756.00,None,None,None,None
1759282809.526256,22,None,None,411.43,756.00,None,None,None,None
1759282809.543092,22,None,None,411.43,756.00,None,None,None,None
1759282809.563381,22,None,None,411.43,756.00,None,None,None,None
1759282809.600203,22,None,None,411.43,756.00,None,None,None,None
1759282809.615523,22,None,None,411.43,756.00,None,None,None,None
1759282809.641874,22,None,None,411.43,756.00,None,None,None,None
1759282809.673705,22,None,None,411.43,756.00,None,None,None,None
1759282809.687848,22,None,None,411.43,756.00,None,None,None,None
1759282809.716996,22,None,None,411.43,756.00,None,None,None,None
1759282809.735105,22,None,None,411.43,756.00,None,None,None,None
1759282809.763708,22,None,None,411.43,756.00,None,None,None,None
1759282809.797187,22,None,None,411.43,756.00,None,None,None,None
1759282809.812348,22,None,None,411.43,756.00,None,None,None,None
1759282809.837233,22,None,None,411.43,756.00,None,None,None,None
1759282809.861282,22,None,None,411.43,756.00,None,None,None,None
1759282809.878051,22,None,None,411.43,756.00,None,None,None,None
1759282809.901159,22,None,None,411.43,756.00,None,None,None,None
1759282809.933107,22,None,None,411.43,756.00,None,None,None,None
1759282809.957173,22,None,None,411.43,756.00,None,None,None,None
1759282809.981250,22,None,None,411.43,756.00,None,None,None,None
1759282810.002222,22,None,None,411.43,756.00,None,None,None,None
1759282810.026232,22,None,None,411.43,756.00,None,None,None,None
1759282810.047797,22,None,None,411.43,756.00,None,None,None,None
1759282810.073924,22,None,None,411.43,756.00,None,None,None,None
1759282810.092967,22,None,None,411.43,756.00,None,None,None,None
1759282810.115846,22,None,None,411.43,756.00,None,None,None,None
1759282810.138901,22,None,None,411.43,756.00,None,None,None,None
1759282810.164389,22,None,None,411.43,756.00,None,None,None,None
1759282810.187814,22,None,None,411.43,756.00,None,None,None,None
1759282810.208685,22,None,None,411.43,756.00,None,None,None,None
1759282810.241608,22,None,None,411.43,756.00,None,None,None,None
1759282810.268775,22,None,None,411.43,756.00,None,None,None,None
1759282810.283687,22,None,None,411.43,756.00,None,None,None,None
1759282810.298038,22,None,None,411.43,756.00,None,None,None,None
1759282810.320290,22,None,None,411.43,756.00,None,None,None,None
1759282810.337027,22,None,None,411.43,756.00,None,None,None,None
1759282810.351629,22,None,None,411.43,756.00,None,None,None,None
1759282810.389147,22,None,None,411.43,756.00,None,None,None,None
1759282810.409595,22,None,None,411.43,756.00,None,None,None,None
1759282810.428838,22,None,None,411.43,756.00,None,None,None,None
1759282810.457157,22,None,None,411.43,756.00,None,None,None,None
1759282810.482712,22,None,None,411.43,756.00,None,None,None,None
1759282810.496855,22,None,None,411.43,756.00,None,None,None,None
1759282810.521527,22,None,None,411.43,756.00,None,None,None,None
1759282810.541300,22,None,None,411.43,756.00,None,None,None,None
1759282810.559460,22,None,None,411.43,756.00,None,None,None,None
1759282810.572512,22,None,None,411.43,756.00,None,None,None,None
1759282810.600069,22,None,None,411.43,756.00,None,None,None,None
1759282810.621484,22,None,None,411.43,756.00,None,None,None,None
1759282810.642956,22,None,None,411.43,756.00,None,None,None,None
1759282810.662193,22,None,None,411.43,756.00,None,None,None,None
1759282810.692943,23,None,None,685.71,756.00,None,None,None,None
1759282810.716806,23,None,None,685.71,756.00,None,None,None,None
1759282810.735722,23,None,None,685.71,756.00,None,None,None,None
1759282810.749419,23,None,None,685.71,756.00,None,None,None,None
1759282810.763659,23,None,None,685.71,756.00,None,None,None,None
1759282810.789079,23,None,None,685.71,756.00,None,None,None,None
1759282810.821128,23,None,None,685.71,756.00,None,None,None,None
1759282810.842212,23,None,None,685.71,756.00,None,None,None,None
1759282810.859382,23,None,None,685.71,756.00,None,None,None,None
1759282810.877296,23,None,None,685.71,756.00,None,None,None,None
1759282810.891094,23,None,None,685.71,756.00,None,None,None,None
1759282810.909014,23,None,None,685.71,756.00,None,None,None,None
1759282810.931800,23,None,None,685.71,756.00,None,None,None,None
1759282810.946460,23,None,None,685.71,756.00,None,None,None,None
1759282810.984497,23,None,None,685.71,756.00,None,None,None,None
1759282811.011041,23,None,None,685.71,756.00,None,None,None,None
1759282811.048133,23,None,None,685.71,756.00,None,None,None,None
1759282811.072936,23,None,None,685.71,756.00,None,None,None,None
1759282811.089289,23,None,None,685.71,756.00,None,None,None,None
1759282811.116004,23,None,None,685.71,756.00,None,None,None,None
1759282811.135840,23,None,None,685.71,756.00,None,None,None,None
1759282811.163851,23,None,None,685.71,756.00,None,None,None,None
1759282811.195278,23,None,None,685.71,756.00,None,None,None,None
1759282811.211093,23,None,None,685.71,756.00,None,None,None,None
1759282811.253127,23,None,None,685.71,756.00,None,None,None,None
1759282811.275096,23,None,None,685.71,756.00,None,None,None,None
1759282811.301253,23,None,None,685.71,756.00,None,None,None,None
1759282811.325821,23,None,None,685.71,756.00,None,None,None,None
1759282811.340862,23,None,None,685.71,756.00,None,None,None,None
1759282811.365185,23,None,None,685.71,756.00,None,None,None,None
1759282811.390282,23,None,None,685.71,756.00,None,None,None,None
1759282811.405257,23,None,None,685.71,756.00,None,None,None,None
1759282811.432698,23,None,None,685.71,756.00,None,None,None,None
1759282811.457144,23,None,None,685.71,756.00,None,None,None,None
1759282811.475145,23,None,None,685.71,756.00,None,None,None,None
1759282811.498035,23,None,None,685.71,756.00,None,None,None,None
1759282811.527331,23,None,None,685.71,756.00,None,None,None,None
1759282811.543498,23,None,None,685.71,756.00,None,None,None,None
1759282811.569112,23,None,None,685.71,756.00,None,None,None,None
1759282811.596540,23,None,None,685.71,756.00,None,None,None,None
1759282811.611407,23,None,None,685.71,756.00,None,None,None,None
1759282811.628094,23,None,None,685.71,756.00,None,None,None,None
1759282811.653132,23,None,None,685.71,756.00,None,None,None,None
1759282811.676174,23,None,None,685.71,756.00,None,None,None,None
1759282811.701173,23,None,None,685.71,756.00,None,None,None,None
1759282811.725279,23,None,None,685.71,756.00,None,None,None,None
1759282811.744238,23,None,None,685.71,756.00,None,None,None,None
1759282811.757415,23,None,None,685.71,756.00,None,None,None,None
1759282811.775042,23,None,None,685.71,756.00,None,None,None,None
1759282811.797090,23,None,None,685.71,756.00,None,None,None,None
1759282811.826053,23,None,None,685.71,756.00,None,None,None,None
1759282811.856035,23,None,None,685.71,756.00,None,None,None,None
1759282811.880024,23,None,None,685.71,756.00,None,None,None,None
1759282811.893619,23,None,None,685.71,756.00,None,None,None,None
1759282811.917619,23,None,None,685.71,756.00,None,None,None,None
1759282811.941206,23,None,None,685.71,756.00,None,None,None,None
1759282811.955285,23,None,None,685.71,756.00,None,None,None,None
1759282811.980719,23,None,None,685.71,756.00,None,None,None,None
1759282812.004263,23,None,None,685.71,756.00,None,None,None,None
1759282812.020930,23,None,None,685.71,756.00,None,None,None,None
1759282812.040519,23,None,None,685.71,756.00,None,None,None,None
1759282812.062140,23,None,None,685.71,756.00,None,None,None,None
1759282812.080199,23,None,None,685.71,756.00,None,None,None,None
1759282812.100624,23,None,None,685.71,756.00,None,None,None,None
1759282812.116736,23,None,None,685.71,756.00,None,None,None,None
1759282812.137202,23,None,None,685.71,756.00,None,None,None,None
1759282812.155077,23,None,None,685.71,756.00,None,None,None,None
1759282812.178751,23,None,None,685.71,756.00,None,None,None,None
1759282812.193268,23,None,None,685.71,756.00,None,None,None,None
1759282812.216861,23,None,None,685.71,756.00,None,None,None,None
1759282812.247027,23,None,None,685.71,756.00,None,None,None,None
1759282812.261289,23,None,None,685.71,756.00,None,None,None,None
1759282812.279968,23,None,None,685.71,756.00,None,None,None,None
1759282812.296243,23,None,None,685.71,756.00,None,None,None,None
1759282812.327312,23,None,None,685.71,756.00,None,None,None,None
1759282812.353287,23,None,None,685.71,756.00,None,None,None,None
1759282812.385332,23,None,None,685.71,756.00,None,None,None,None
1759282812.411933,23,None,None,685.71,756.00,None,None,None,None
1759282812.441094,23,None,None,685.71,756.00,None,None,None,None
1759282812.468173,23,None,None,685.71,756.00,None,None,None,None
1759282812.492341,23,None,None,685.71,756.00,None,None,None,None
1759282812.516946,23,None,None,685.71,756.00,None,None,None,None
1759282812.550073,23,None,None,685.71,756.00,None,None,None,None
1759282812.574260,23,None,None,685.71,756.00,None,None,None,None
1759282812.605111,23,None,None,685.71,756.00,None,None,None,None
1759282812.625994,23,None,None,685.71,756.00,None,None,None,None
1759282812.661101,23,None,None,685.71,756.00,None,None,None,None
1759282812.684835,23,None,None,685.71,756.00,None,None,None,None
1759282812.712624,24,None,None,960.00,756.00,None,None,None,None
1759282812.732330,24,None,None,960.00,756.00,None,None,None,None
1759282812.748043,24,None,None,960.00,756.00,None,None,None,None
1759282812.773906,24,None,None,960.00,756.00,None,None,None,None
1759282812.798854,24,None,None,960.00,756.00,None,None,None,None
1759282812.865170,24,None,None,960.00,756.00,None,None,None,None
1759282812.882665,24,None,None,960.00,756.00,None,None,None,None
1759282812.916870,24,None,None,960.00,756.00,None,None,None,None
1759282812.931144,24,None,None,960.00,756.00,None,None,None,None
1759282812.946734,24,None,None,960.00,756.00,None,None,None,None
1759282812.970439,24,None,None,960.00,756.00,None,None,None,None
1759282812.999707,24,None,None,960.00,756.00,None,None,None,None
1759282813.018204,24,None,None,960.00,756.00,None,None,None,None
1759282813.041992,24,None,None,960.00,756.00,None,None,None,None
1759282813.065505,24,None,None,960.00,756.00,None,None,None,None
1759282813.080645,24,None,None,960.00,756.00,None,None,None,None
1759282813.096032,24,None,None,960.00,756.00,None,None,None,None
1759282813.128720,24,None,None,960.00,756.00,None,None,None,None
1759282813.152003,24,None,None,960.00,756.00,None,None,None,None
1759282813.166459,24,None,None,960.00,756.00,None,None,None,None
1759282813.193361,24,None,None,960.00,756.00,None,None,None,None
1759282813.213118,24,None,None,960.00,756.00,None,None,None,None
1759282813.226812,24,None,None,960.00,756.00,None,None,None,None
1759282813.241066,24,None,None,960.00,756.00,None,None,None,None
1759282813.272672,24,None,None,960.00,756.00,None,None,None,None
1759282813.285862,24,None,None,960.00,756.00,None,None,None,None
1759282813.306215,24,None,None,960.00,756.00,None,None,None,None
1759282813.322358,24,None,None,960.00,756.00,None,None,None,None
1759282813.348379,24,None,None,960.00,756.00,None,None,None,None
1759282813.378208,24,None,None,960.00,756.00,None,None,None,None
1759282813.396620,24,None,None,960.00,756.00,None,None,None,None
1759282813.428914,24,None,None,960.00,756.00,None,None,None,None
1759282813.453494,24,None,None,960.00,756.00,None,None,None,None
1759282813.481159,24,None,None,960.00,756.00,None,None,None,None
1759282813.508335,24,None,None,960.00,756.00,None,None,None,None
1759282813.522797,24,None,None,960.00,756.00,None,None,None,None
1759282813.556672,24,None,None,960.00,756.00,None,None,None,None
1759282813.572323,24,None,None,960.00,756.00,None,None,None,None
1759282813.590962,24,None,None,960.00,756.00,None,None,None,None
1759282813.609285,24,None,None,960.00,756.00,None,None,None,None
1759282813.633181,24,None,None,960.00,756.00,None,None,None,None
1759282813.660613,24,None,None,960.00,756.00,None,None,None,None
1759282813.685232,24,None,None,960.00,756.00,None,None,None,None
1759282813.709198,24,None,None,960.00,756.00,None,None,None,None
1759282813.726441,24,None,None,960.00,756.00,None,None,None,None
1759282813.752794,24,None,None,960.00,756.00,None,None,None,None
1759282813.776255,24,None,None,960.00,756.00,None,None,None,None
1759282813.797107,24,None,None,960.00,756.00,None,None,None,None
1759282813.820275,24,None,None,960.00,756.00,None,None,None,None
1759282813.849800,24,None,None,960.00,756.00,None,None,None,None
1759282813.872321,24,None,None,960.00,756.00,None,None,None,None
1759282813.886513,24,None,None,960.00,756.00,None,None,None,None
1759282813.901113,24,None,None,960.00,756.00,None,None,None,None
1759282813.926261,24,None,None,960.00,756.00,None,None,None,None
1759282813.942824,24,None,None,960.00,756.00,None,None,None,None
1759282813.961422,24,None,None,960.00,756.00,None,None,None,None
1759282813.997416,24,None,None,960.00,756.00,None,None,None,None
1759282814.019263,24,None,None,960.00,756.00,None,None,None,None
1759282814.045109,24,None,None,960.00,756.00,None,None,None,None
1759282814.065227,24,None,None,960.00,756.00,None,None,None,None
1759282814.085127,24,None,None,960.00,756.00,None,None,None,None
1759282814.109118,24,None,None,960.00,756.00,None,None,None,None
1759282814.129483,24,None,None,960.00,756.00,None,None,None,None
1759282814.153372,24,None,None,960.00,756.00,None,None,None,None
1759282814.188681,24,None,None,960.00,756.00,None,None,None,None
1759282814.209184,24,None,None,960.00,756.00,None,None,None,None
1759282814.223727,24,None,None,960.00,756.00,None,None,None,None
1759282814.251535,24,None,None,960.00,756.00,None,None,None,None
1759282814.280485,24,None,None,960.00,756.00,None,None,None,None
1759282814.293887,24,None,None,960.00,756.00,None,None,None,None
1759282814.312708,24,None,None,960.00,756.00,None,None,None,None
1759282814.333019,24,None,None,960.00,756.00,None,None,None,None
1759282814.358433,24,None,None,960.00,756.00,None,None,None,None
1759282814.387448,24,None,None,960.00,756.00,None,None,None,None
1759282814.413203,24,None,None,960.00,756.00,None,None,None,None
1759282814.452013,24,None,None,960.00,756.00,None,None,None,None
1759282814.478634,24,None,None,960.00,756.00,None,None,None,None
1759282814.492073,24,None,None,960.00,756.00,None,None,None,None
1759282814.519014,24,None,None,960.00,756.00,None,None,None,None
1759282814.546240,24,None,None,960.00,756.00,None,None,None,None
1759282814.561830,24,None,None,960.00,756.00,None,None,None,None
1759282814.573910,24,None,None,960.00,756.00,None,None,None,None
1759282814.605972,24,None,None,960.00,756.00,None,None,None,None
1759282814.631824,24,None,None,960.00,756.00,None,None,None,None
1759282814.649993,24,None,None,960.00,756.00,None,None,None,None
1759282814.667675,24,None,None,960.00,756.00,None,None,None,None
1759282814.682239,24,None,None,960.00,756.00,None,None,None,None
1759282814.697331,25,None,None,1234.29,756.00,None,None,None,None
1759282814.722322,25,None,None,1234.29,756.00,None,None,None,None
1759282814.752200,25,None,None,1234.29,756.00,None,None,None,None
1759282814.766488,25,None,None,1234.29,756.00,None,None,None,None
1759282814.791417,25,None,None,1234.29,756.00,None,None,None,None
1759282814.808098,25,None,None,1234.29,756.00,None,None,None,None
1759282814.823837,25,None,None,1234.29,756.00,None,None,None,None
1759282814.850378,25,None,None,1234.29,756.00,None,None,None,None
1759282814.867120,25,None,None,1234.29,756.00,None,None,None,None
1759282814.880491,25,None,None,1234.29,756.00,None,None,None,None
1759282814.904951,25,None,None,1234.29,756.00,None,None,None,None
1759282814.929674,25,None,None,1234.29,756.00,None,None,None,None
1759282814.946546,25,None,None,1234.29,756.00,None,None,None,None
1759282814.969221,25,None,None,1234.29,756.00,None,None,None,None
1759282814.991042,25,None,None,1234.29,756.00,None,None,None,None
1759282815.012898,25,None,None,1234.29,756.00,None,None,None,None
1759282815.026357,25,None,None,1234.29,756.00,None,None,None,None
1759282815.053267,25,None,None,1234.29,756.00,None,None,None,None
1759282815.070628,25,None,None,1234.29,756.00,None,None,None,None
1759282815.089104,25,None,None,1234.29,756.00,None,None,None,None
1759282815.108762,25,None,None,1234.29,756.00,None,None,None,None
1759282815.133093,25,None,None,1234.29,756.00,None,None,None,None
1759282815.154117,25,None,None,1234.29,756.00,None,None,None,None
1759282815.171891,25,None,None,1234.29,756.00,None,None,None,None
1759282815.200018,25,None,None,1234.29,756.00,None,None,None,None
1759282815.216423,25,None,None,1234.29,756.00,None,None,None,None
1759282815.243419,25,None,None,1234.29,756.00,None,None,None,None
1759282815.266176,25,None,None,1234.29,756.00,None,None,None,None
1759282815.292084,25,None,None,1234.29,756.00,None,None,None,None
1759282815.307973,25,None,None,1234.29,756.00,None,None,None,None
1759282815.325300,25,None,None,1234.29,756.00,None,None,None,None
1759282815.342006,25,None,None,1234.29,756.00,None,None,None,None
1759282815.356997,25,None,None,1234.29,756.00,None,None,None,None
1759282815.389495,25,None,None,1234.29,756.00,None,None,None,None
1759282815.421643,25,None,None,1234.29,756.00,None,None,None,None
1759282815.448196,25,None,None,1234.29,756.00,None,None,None,None
1759282815.462390,25,None,None,1234.29,756.00,None,None,None,None
1759282815.489189,25,None,None,1234.29,756.00,None,None,None,None
1759282815.514671,25,None,None,1234.29,756.00,None,None,None,None
1759282815.533133,25,None,None,1234.29,756.00,None,None,None,None
1759282815.564691,25,None,None,1234.29,756.00,None,None,None,None
1759282815.580817,25,None,None,1234.29,756.00,None,None,None,None
1759282815.598487,25,None,None,1234.29,756.00,None,None,None,None
1759282815.617594,25,None,None,1234.29,756.00,None,None,None,None
1759282815.649682,25,None,None,1234.29,756.00,None,None,None,None
1759282815.680696,25,None,None,1234.29,756.00,None,None,None,None
1759282815.695626,25,None,None,1234.29,756.00,None,None,None,None
1759282815.718563,25,None,None,1234.29,756.00,None,None,None,None
1759282815.739298,25,None,None,1234.29,756.00,None,None,None,None
1759282815.763643,25,None,None,1234.29,756.00,None,None,None,None
1759282815.790745,25,None,None,1234.29,756.00,None,None,None,None
1759282815.813131,25,None,None,1234.29,756.00,None,None,None,None
1759282815.837381,25,None,None,1234.29,756.00,None,None,None,None
1759282815.858476,25,None,None,1234.29,756.00,None,None,None,None
1759282815.884049,25,None,None,1234.29,756.00,None,None,None,None
1759282815.905243,25,None,None,1234.29,756.00,None,None,None,None
1759282815.923500,25,None,None,1234.29,756.00,None,None,None,None
1759282815.949148,25,None,None,1234.29,756.00,None,None,None,None
1759282815.969176,25,None,None,1234.29,756.00,None,None,None,None
1759282815.990460,25,None,None,1234.29,756.00,None,None,None,None
1759282816.021100,25,None,None,1234.29,756.00,None,None,None,None
1759282816.048962,25,None,None,1234.29,756.00,None,None,None,None
1759282816.080068,25,None,None,1234.29,756.00,None,None,None,None
1759282816.097106,25,None,None,1234.29,756.00,None,None,None,None
1759282816.118531,25,None,None,1234.29,756.00,None,None,None,None
1759282816.134184,25,None,None,1234.29,756.00,None,None,None,None
1759282816.148126,25,None,None,1234.29,756.00,None,None,None,None
1759282816.175258,25,None,None,1234.29,756.00,None,None,None,None
1759282816.198342,25,None,None,1234.29,756.00,None,None,None,None
1759282816.229143,25,None,None,1234.29,756.00,None,None,None,None
1759282816.247784,25,None,None,1234.29,756.00,None,None,None,None
1759282816.274132,25,None,None,1234.29,756.00,None,None,None,None
1759282816.301917,25,None,None,1234.29,756.00,None,None,None,None
1759282816.323083,25,None,None,1234.29,756.00,None,None,None,None
1759282816.344110,25,None,None,1234.29,756.00,None,None,None,None
1759282816.372381,25,None,None,1234.29,756.00,None,None,None,None
1759282816.395414,25,None,None,1234.29,756.00,None,None,None,None
1759282816.415428,25,None,None,1234.29,756.00,None,None,None,None
1759282816.432457,25,None,None,1234.29,756.00,None,None,None,None
1759282816.458144,25,None,None,1234.29,756.00,None,None,None,None
1759282816.474491,25,None,None,1234.29,756.00,None,None,None,None
1759282816.489276,25,None,None,1234.29,756.00,None,None,None,None
1759282816.527852,25,None,None,1234.29,756.00,None,None,None,None
1759282816.550476,25,None,None,1234.29,756.00,None,None,None,None
1759282816.564173,25,None,None,1234.29,756.00,None,None,None,None
1759282816.593389,25,None,None,1234.29,756.00,None,None,None,None
1759282816.616015,25,None,None,1234.29,756.00,None,None,None,None
1759282816.629143,25,None,None,1234.29,756.00,None,None,None,None
1759282816.642529,25,None,None,1234.29,756.00,None,None,None,None
1759282816.661216,25,None,None,1234.29,756.00,None,None,None,None
1759282816.681384,25,None,None,1234.29,756.00,None,None,None,None
1759282816.712188,26,None,None,1508.57,756.00,None,None,None,None
1759282816.734552,26,None,None,1508.57,756.00,None,None,None,None
1759282816.752957,26,None,None,1508.57,756.00,None,None,None,None
1759282816.767578,26,None,None,1508.57,756.00,None,None,None,None
1759282816.804118,26,None,None,1508.57,756.00,None,None,None,None
1759282816.829432,26,None,None,1508.57,756.00,None,None,None,None
1759282816.852789,26,None,None,1508.57,756.00,None,None,None,None
1759282816.872763,26,None,None,1508.57,756.00,None,None,None,None
1759282816.892863,26,None,None,1508.57,756.00,None,None,None,None
1759282816.927274,26,None,None,1508.57,756.00,None,None,None,None
1759282816.941754,26,None,None,1508.57,756.00,None,None,None,None
1759282816.956883,26,None,None,1508.57,756.00,None,None,None,None
1759282816.980062,26,None,None,1508.57,756.00,None,None,None,None
1759282816.998960,26,None,None,1508.57,756.00,None,None,None,None
1759282817.016263,26,None,None,1508.57,756.00,None,None,None,None
1759282817.028375,26,None,None,1508.57,756.00,None,None,None,None
1759282817.053253,26,None,None,1508.57,756.00,None,None,None,None
1759282817.071121,26,None,None,1508.57,756.00,None,None,None,None
1759282817.097000,26,None,None,1508.57,756.00,None,None,None,None
1759282817.137117,26,None,None,1508.57,756.00,None,None,None,None
1759282817.156515,26,None,None,1508.57,756.00,None,None,None,None
1759282817.189176,26,None,None,1508.57,756.00,None,None,None,None
1759282817.209204,26,None,None,1508.57,756.00,None,None,None,None
1759282817.235108,26,None,None,1508.57,756.00,None,None,None,None
1759282817.266285,26,None,None,1508.57,756.00,None,None,None,None
1759282817.292549,26,None,None,1508.57,756.00,None,None,None,None
1759282817.305297,26,None,None,1508.57,756.00,None,None,None,None
1759282817.318577,26,None,None,1508.57,756.00,None,None,None,None
1759282817.345172,26,None,None,1508.57,756.00,None,None,None,None
1759282817.369259,26,None,None,1508.57,756.00,None,None,None,None
1759282817.385241,26,None,None,1508.57,756.00,None,None,None,None
1759282817.420689,26,None,None,1508.57,756.00,None,None,None,None
1759282817.444450,26,None,None,1508.57,756.00,None,None,None,None
1759282817.457787,26,None,None,1508.57,756.00,None,None,None,None
1759282817.484661,26,None,None,1508.57,756.00,None,None,None,None
1759282817.509091,26,None,None,1508.57,756.00,None,None,None,None
1759282817.525823,26,None,None,1508.57,756.00,None,None,None,None
1759282817.555971,26,None,None,1508.57,756.00,None,None,None,None
1759282817.582891,26,None,None,1508.57,756.00,None,None,None,None
1759282817.596471,26,None,None,1508.57,756.00,None,None,None,None
1759282817.621299,26,None,None,1508.57,756.00,None,None,None,None
1759282817.649162,26,None,None,1508.57,756.00,None,None,None,None
1759282817.677146,26,None,None,1508.57,756.00,None,None,None,None
1759282817.697239,26,None,None,1508.57,756.00,None,None,None,None
1759282817.717867,26,None,None,1508.57,756.00,None,None,None,None
1759282817.740029,26,None,None,1508.57,756.00,None,None,None,None
1759282817.765109,26,None,None,1508.57,756.00,None,None,None,None
1759282817.789151,26,None,None,1508.57,756.00,None,None,None,None
1759282817.817119,26,None,None,1508.57,756.00,None,None,None,None
1759282817.837141,26,None,None,1508.57,756.00,None,None,None,None
1759282817.856905,26,None,None,1508.57,756.00,None,None,None,None
1759282817.881092,26,None,None,1508.57,756.00,None,None,None,None
1759282817.902634,26,None,None,1508.57,756.00,None,None,None,None
1759282817.925409,26,None,None,1508.57,756.00,None,None,None,None
1759282817.939227,26,None,None,1508.57,756.00,None,None,None,None
1759282817.980073,26,None,None,1508.57,756.00,None,None,None,None
1759282818.006982,26,None,None,1508.57,756.00,None,None,None,None
1759282818.032030,26,None,None,1508.57,756.00,None,None,None,None
1759282818.069677,26,None,None,1508.57,756.00,None,None,None,None
1759282818.101119,26,None,None,1508.57,756.00,None,None,None,None
1759282818.122089,26,None,None,1508.57,756.00,None,None,None,None
1759282818.143059,26,None,None,1508.57,756.00,None,None,None,None
1759282818.157592,26,None,None,1508.57,756.00,None,None,None,None
1759282818.181457,26,None,None,1508.57,756.00,None,None,None,None
1759282818.204615,26,None,None,1508.57,756.00,None,None,None,None
1759282818.224996,26,None,None,1508.57,756.00,None,None,None,None
1759282818.262568,26,None,None,1508.57,756.00,None,None,None,None
1759282818.278524,26,None,None,1508.57,756.00,None,None,None,None
1759282818.301181,26,None,None,1508.57,756.00,None,None,None,None
1759282818.334854,26,None,None,1508.57,756.00,None,None,None,None
1759282818.361094,26,None,None,1508.57,756.00,None,None,None,None
1759282818.392021,26,None,None,1508.57,756.00,None,None,None,None
1759282818.405002,26,None,None,1508.57,756.00,None,None,None,None
1759282818.426536,26,None,None,1508.57,756.00,None,None,None,None
1759282818.457083,26,None,None,1508.57,756.00,None,None,None,None
1759282818.471583,26,None,None,1508.57,756.00,None,None,None,None
1759282818.497080,26,None,None,1508.57,756.00,None,None,None,None
1759282818.522978,26,None,None,1508.57,756.00,None,None,None,None
1759282818.545165,26,None,None,1508.57,756.00,None,None,None,None
1759282818.582978,26,None,None,1508.57,756.00,None,None,None,None
1759282818.600673,26,None,None,1508.57,756.00,None,None,None,None
1759282818.631962,26,None,None,1508.57,756.00,None,None,None,None
1759282818.657033,26,None,None,1508.57,756.00,None,None,None,None
1759282818.673989,26,None,None,1508.57,756.00,None,None,None,None
1759282818.701113,26,None,None,1508.57,756.00,None,None,None,None
1759282818.725363,27,None,None,1782.86,756.00,None,None,None,None
1759282818.742372,27,None,None,1782.86,756.00,None,None,None,None
1759282818.754385,27,None,None,1782.86,756.00,None,None,None,None
1759282818.781839,27,None,None,1782.86,756.00,None,None,None,None
1759282818.803885,27,None,None,1782.86,756.00,None,None,None,None
1759282818.826136,27,None,None,1782.86,756.00,None,None,None,None
1759282818.851053,27,None,None,1782.86,756.00,None,None,None,None
1759282818.885610,27,None,None,1782.86,756.00,None,None,None,None
1759282818.906992,27,None,None,1782.86,756.00,None,None,None,None
1759282818.932083,27,None,None,1782.86,756.00,None,None,None,None
1759282818.949028,27,None,None,1782.86,756.00,None,None,None,None
1759282818.964038,27,None,None,1782.86,756.00,None,None,None,None
1759282818.984211,27,None,None,1782.86,756.00,None,None,None,None
1759282819.017116,27,None,None,1782.86,756.00,None,None,None,None
1759282819.037302,27,None,None,1782.86,756.00,None,None,None,None
1759282819.064283,27,None,None,1782.86,756.00,None,None,None,None
1759282819.080586,27,None,None,1782.86,756.00,None,None,None,None
1759282819.106931,27,None,None,1782.86,756.00,None,None,None,None
1759282819.120583,27,None,None,1782.86,756.00,None,None,None,None
1759282819.137346,27,None,None,1782.86,756.00,None,None,None,None
1759282819.153406,27,None,None,1782.86,756.00,None,None,None,None
1759282819.175763,27,None,None,1782.86,756.00,None,None,None,None
1759282819.197313,27,None,None,1782.86,756.00,None,None,None,None
1759282819.212587,27,None,None,1782.86,756.00,None,None,None,None
1759282819.231647,27,None,None,1782.86,756.00,None,None,None,None
1759282819.257121,27,None,None,1782.86,756.00,None,None,None,None
1759282819.279321,27,None,None,1782.86,756.00,None,None,None,None
1759282819.292772,27,None,None,1782.86,756.00,None,None,None,None
1759282819.317122,27,None,None,1782.86,756.00,None,None,None,None
1759282819.332423,27,None,None,1782.86,756.00,None,None,None,None
1759282819.352185,27,None,None,1782.86,756.00,None,None,None,None
1759282819.366564,27,None,None,1782.86,756.00,None,None,None,None
1759282819.383294,27,None,None,1782.86,756.00,None,None,None,None
1759282819.421657,27,None,None,1782.86,756.00,None,None,None,None
1759282819.439228,27,None,None,1782.86,756.00,None,None,None,None
1759282819.473092,27,None,None,1782.86,756.00,None,None,None,None
1759282819.489120,27,None,None,1782.86,756.00,None,None,None,None
1759282819.522643,27,None,None,1782.86,756.00,None,None,None,None
1759282819.545075,27,None,None,1782.86,756.00,None,None,None,None
1759282819.571742,27,None,None,1782.86,756.00,None,None,None,None
1759282819.605155,27,None,None,1782.86,756.00,None,None,None,None
1759282819.625252,27,None,None,1782.86,756.00,None,None,None,None
1759282819.642515,27,None,None,1782.86,756.00,None,None,None,None
1759282819.672018,27,None,None,1782.86,756.00,None,None,None,None
1759282819.696086,27,None,None,1782.86,756.00,None,None,None,None
1759282819.714957,27,None,None,1782.86,756.00,None,None,None,None
1759282819.734265,27,None,None,1782.86,756.00,None,None,None,None
1759282819.752535,27,None,None,1782.86,756.00,None,None,None,None
1759282819.767641,27,None,None,1782.86,756.00,None,None,None,None
1759282819.792817,27,None,None,1782.86,756.00,None,None,None,None
1759282819.817134,27,None,None,1782.86,756.00,None,None,None,None
1759282819.837167,27,None,None,1782.86,756.00,None,None,None,None
1759282819.857952,27,None,None,1782.86,756.00,None,None,None,None
1759282819.885468,27,None,None,1782.86,756.00,None,None,None,None
1759282819.908517,27,None,None,1782.86,756.00,None,None,None,None
1759282819.923123,27,None,None,1782.86,756.00,None,None,None,None
1759282819.940290,27,None,None,1782.86,756.00,None,None,None,None
1759282819.958210,27,None,None,1782.86,756.00,None,None,None,None
1759282819.984243,27,None,None,1782.86,756.00,None,None,None,None
1759282820.005832,27,None,None,1782.86,756.00,None,None,None,None
1759282820.027660,27,None,None,1782.86,756.00,None,None,None,None
1759282820.045141,27,None,None,1782.86,756.00,None,None,None,None
1759282820.065304,27,None,None,1782.86,756.00,None,None,None,None
1759282820.081593,27,None,None,1782.86,756.00,None,None,None,None
1759282820.109227,27,None,None,1782.86,756.00,None,None,None,None
1759282820.135958,27,None,None,1782.86,756.00,None,None,None,None
1759282820.165112,27,None,None,1782.86,756.00,None,None,None,None
1759282820.195513,27,None,None,1782.86,756.00,None,None,None,None
1759282820.208123,27,None,None,1782.86,756.00,None,None,None,None
1759282820.223813,27,None,None,1782.86,756.00,None,None,None,None
1759282820.265470,27,None,None,1782.86,756.00,None,None,None,None
1759282820.279279,27,None,None,1782.86,756.00,None,None,None,None
1759282820.301025,27,None,None,1782.86,756.00,None,None,None,None
1759282820.325416,27,None,None,1782.86,756.00,None,None,None,None
1759282820.346565,27,None,None,1782.86,756.00,None,None,None,None
1759282820.369050,27,None,None,1782.86,756.00,None,None,None,None
1759282820.389011,27,None,None,1782.86,756.00,None,None,None,None
1759282820.410090,27,None,None,1782.86,756.00,None,None,None,None
1759282820.440364,27,None,None,1782.86,756.00,None,None,None,None
1759282820.469167,27,None,None,1782.86,756.00,None,None,None,None
1759282820.492862,27,None,None,1782.86,756.00,None,None,None,None
1759282820.513414,27,None,None,1782.86,756.00,None,None,None,None
1759282820.534327,27,None,None,1782.86,756.00,None,None,None,None
1759282820.557314,27,None,None,1782.86,756.00,None,None,None,None
1759282820.589106,27,None,None,1782.86,756.00,None,None,None,None
1759282820.604984,27,None,None,1782.86,756.00,None,None,None,None
1759282820.628030,27,None,None,1782.86,756.00,None,None,None,None
1759282820.656856,27,None,None,1782.86,756.00,None,None,None,None
1759282820.675843,27,None,None,1782.86,756.00,None,None,None,None
1759282820.713909,27,None,None,1782.86,756.00,None,None,None,None
1759282820.737459,28,None,None,137.14,972.00,None,None,None,None
1759282820.765127,28,None,None,137.14,972.00,None,None,None,None
1759282820.792413,28,None,None,137.14,972.00,None,None,None,None
1759282820.808215,28,None,None,137.14,972.00,None,None,None,None
1759282820.833184,28,None,None,137.14,972.00,None,None,None,None
1759282820.866065,28,None,None,137.14,972.00,None,None,None,None
1759282820.884193,28,None,None,137.14,972.00,None,None,None,None
1759282820.913143,28,None,None,137.14,972.00,None,None,None,None
1759282820.936798,28,None,None,137.14,972.00,None,None,None,None
1759282820.969093,28,None,None,137.14,972.00,None,None,None,None
1759282820.990988,28,None,None,137.14,972.00,None,None,None,None
1759282821.005540,28,None,None,137.14,972.00,None,None,None,None
1759282821.031264,28,None,None,137.14,972.00,None,None,None,None
1759282821.056849,28,None,None,137.14,972.00,None,None,None,None
1759282821.078791,28,None,None,137.14,972.00,None,None,None,None
1759282821.105991,28,None,None,137.14,972.00,None,None,None,None
1759282821.123577,28,None,None,137.14,972.00,None,None,None,None
1759282821.146237,28,None,None,137.14,972.00,None,None,None,None
1759282821.160222,28,None,None,137.14,972.00,None,None,None,None
1759282821.189076,28,None,None,137.14,972.00,None,None,None,None
1759282821.212426,28,None,None,137.14,972.00,None,None,None,None
1759282821.241701,28,None,None,137.14,972.00,None,None,None,None
1759282821.264453,28,None,None,137.14,972.00,None,None,None,None
1759282821.282498,28,None,None,137.14,972.00,None,None,None,None
1759282821.302361,28,None,None,137.14,972.00,None,None,None,None
1759282821.329387,28,None,None,137.14,972.00,None,None,None,None
1759282821.353518,28,None,None,137.14,972.00,None,None,None,None
1759282821.393075,28,None,None,137.14,972.00,None,None,None,None
1759282821.414490,28,None,None,137.14,972.00,None,None,None,None
1759282821.428840,28,None,None,137.14,972.00,None,None,None,None
1759282821.456039,28,None,None,137.14,972.00,None,None,None,None
1759282821.479026,28,None,None,137.14,972.00,None,None,None,None
1759282821.517754,28,None,None,137.14,972.00,None,None,None,None
1759282821.544365,28,None,None,137.14,972.00,None,None,None,None
1759282821.556462,28,None,None,137.14,972.00,None,None,None,None
1759282821.586854,28,None,None,137.14,972.00,None,None,None,None
1759282821.614606,28,None,None,137.14,972.00,None,None,None,None
1759282821.651989,28,None,None,137.14,972.00,None,None,None,None
1759282821.676310,28,None,None,137.14,972.00,None,None,None,None
1759282821.690547,28,None,None,137.14,972.00,None,None,None,None
1759282821.721035,28,None,None,137.14,972.00,None,None,None,None
1759282821.743280,28,None,None,137.14,972.00,None,None,None,None
1759282821.765506,28,None,None,137.14,972.00,None,None,None,None
1759282821.825436,28,None,None,137.14,972.00,None,None,None,None
1759282821.837579,28,None,None,137.14,972.00,None,None,None,None
1759282821.855479,28,None,None,137.14,972.00,None,None,None,None
1759282821.881774,28,None,None,137.14,972.00,None,None,None,None
1759282821.903831,28,None,None,137.14,972.00,None,None,None,None
1759282821.928326,28,None,None,137.14,972.00,None,None,None,None
1759282821.968212,28,None,None,137.14,972.00,None,None,None,None
1759282821.992952,28,None,None,137.14,972.00,None,None,None,None
1759282822.013731,28,None,None,137.14,972.00,None,None,None,None
1759282822.027703,28,None,None,137.14,972.00,None,None,None,None
1759282822.044904,28,None,None,137.14,972.00,None,None,None,None
1759282822.078487,28,None,None,137.14,972.00,None,None,None,None
1759282822.091942,28,None,None,137.14,972.00,None,None,None,None
1759282822.121162,28,None,None,137.14,972.00,None,None,None,None
1759282822.140276,28,None,None,137.14,972.00,None,None,None,None
1759282822.157713,28,None,None,137.14,972.00,None,None,None,None
1759282822.189085,28,None,None,137.14,972.00,None,None,None,None
1759282822.209313,28,None,None,137.14,972.00,None,None,None,None
1759282822.227290,28,None,None,137.14,972.00,None,None,None,None
1759282822.261218,28,None,None,137.14,972.00,None,None,None,None
1759282822.292084,28,None,None,137.14,972.00,None,None,None,None
1759282822.329165,28,None,None,137.14,972.00,None,None,None,None
1759282822.350284,28,None,None,137.14,972.00,None,None,None,None
1759282822.371861,28,None,None,137.14,972.00,None,None,None,None
1759282822.403623,28,None,None,137.14,972.00,None,None,None,None
1759282822.426820,28,None,None,137.14,972.00,None,None,None,None
1759282822.459854,28,None,None,137.14,972.00,None,None,None,None
1759282822.484051,28,None,None,137.14,972.00,None,None,None,None
1759282822.525279,28,None,None,137.14,972.00,None,None,None,None
1759282822.553261,28,None,None,137.14,972.00,None,None,None,None
1759282822.583951,28,None,None,137.14,972.00,None,None,None,None
1759282822.609349,28,None,None,137.14,972.00,None,None,None,None
1759282822.624781,28,None,None,137.14,972.00,None,None,None,None
1759282822.654521,28,None,None,137.14,972.00,None,None,None,None
1759282822.680353,28,None,None,137.14,972.00,None,None,None,None
1759282822.697134,28,None,None,137.14,972.00,None,None,None,None
1759282822.727807,28,None,None,137.14,972.00,None,None,None,None
1759282822.744508,29,None,None,411.43,972.00,None,None,None,None
1759282822.763838,29,None,None,411.43,972.00,None,None,None,None
1759282822.812402,29,None,None,411.43,972.00,None,None,None,None
1759282822.826310,29,None,None,411.43,972.00,None,None,None,None
1759282822.853121,29,None,None,411.43,972.00,None,None,None,None
1759282822.873276,29,None,None,411.43,972.00,None,None,None,None
1759282822.891179,29,None,None,411.43,972.00,None,None,None,None
1759282822.917677,29,None,None,411.43,972.00,None,None,None,None
1759282822.936324,29,None,None,411.43,972.00,None,None,None,None
1759282822.960972,29,None,None,411.43,972.00,None,None,None,None
1759282822.985222,29,None,None,411.43,972.00,None,None,None,None
1759282823.008033,29,None,None,411.43,972.00,None,None,None,None
1759282823.028041,29,None,None,411.43,972.00,None,None,None,None
1759282823.053115,29,None,None,411.43,972.00,None,None,None,None
1759282823.073525,29,None,None,411.43,972.00,None,None,None,None
1759282823.095174,29,None,None,411.43,972.00,None,None,None,None
1759282823.108181,29,None,None,411.43,972.00,None,None,None,None
1759282823.133090,29,None,None,411.43,972.00,None,None,None,None
1759282823.157218,29,None,None,411.43,972.00,None,None,None,None
1759282823.180267,29,None,None,411.43,972.00,None,None,None,None
1759282823.202223,29,None,None,411.43,972.00,None,None,None,None
1759282823.216559,29,None,None,411.43,972.00,None,None,None,None
1759282823.240678,29,None,None,411.43,972.00,None,None,None,None
1759282823.259795,29,None,None,411.43,972.00,None,None,None,None
1759282823.274860,29,None,None,411.43,972.00,None,None,None,None
1759282823.290553,29,None,None,411.43,972.00,None,None,None,None
1759282823.318904,29,None,None,411.43,972.00,None,None,None,None
1759282823.344717,29,None,None,411.43,972.00,None,None,None,None
1759282823.374151,29,None,None,411.43,972.00,None,None,None,None
1759282823.397522,29,None,None,411.43,972.00,None,None,None,None
1759282823.424681,29,None,None,411.43,972.00,None,None,None,None
1759282823.450192,29,None,None,411.43,972.00,None,None,None,None
1759282823.470922,29,None,None,411.43,972.00,None,None,None,None
1759282823.497177,29,None,None,411.43,972.00,None,None,None,None
1759282823.526165,29,None,None,411.43,972.00,None,None,None,None
1759282823.540762,29,None,None,411.43,972.00,None,None,None,None
1759282823.565177,29,None,None,411.43,972.00,None,None,None,None
1759282823.597161,29,None,None,411.43,972.00,None,None,None,None
1759282823.614043,29,None,None,411.43,972.00,None,None,None,None
1759282823.648502,29,None,None,411.43,972.00,None,None,None,None
1759282823.673009,29,None,None,411.43,972.00,None,None,None,None
1759282823.697218,29,None,None,411.43,972.00,None,None,None,None
1759282823.721705,29,None,None,411.43,972.00,None,None,None,None
1759282823.742230,29,None,None,411.43,972.00,None,None,None,None
1759282823.773600,29,None,None,411.43,972.00,None,None,None,None
1759282823.805634,29,None,None,411.43,972.00,None,None,None,None
1759282823.821501,29,None,None,411.43,972.00,None,None,None,None
1759282823.866502,29,None,None,411.43,972.00,None,None,None,None
1759282823.880929,29,None,None,411.43,972.00,None,None,None,None
1759282823.905118,29,None,None,411.43,972.00,None,None,None,None
1759282823.929116,29,None,None,411.43,972.00,None,None,None,None
1759282823.945998,29,None,None,411.43,972.00,None,None,None,None
1759282823.983153,29,None,None,411.43,972.00,None,None,None,None
1759282824.016681,29,None,None,411.43,972.00,None,None,None,None
1759282824.032949,29,None,None,411.43,972.00,None,None,None,None
1759282824.057360,29,None,None,411.43,972.00,None,None,None,None
1759282824.073748,29,None,None,411.43,972.00,None,None,None,None
1759282824.096478,29,None,None,411.43,972.00,None,None,None,None
1759282824.116259,29,None,None,411.43,972.00,None,None,None,None
1759282824.149544,29,None,None,411.43,972.00,None,None,None,None
1759282824.171035,29,None,None,411.43,972.00,None,None,None,None
1759282824.200022,29,None,None,411.43,972.00,None,None,None,None
1759282824.212388,29,None,None,411.43,972.00,None,None,None,None
1759282824.232934,29,None,None,411.43,972.00,None,None,None,None
1759282824.258332,29,None,None,411.43,972.00,None,None,None,None
1759282824.285100,29,None,None,411.43,972.00,None,None,None,None
1759282824.311873,29,None,None,411.43,972.00,None,None,None,None
1759282824.328659,29,None,None,411.43,972.00,None,None,None,None
1759282824.353258,29,None,None,411.43,972.00,None,None,None,None
1759282824.373269,29,None,None,411.43,972.00,None,None,None,None
1759282824.394537,29,None,None,411.43,972.00,None,None,None,None
1759282824.406666,29,None,None,411.43,972.00,None,None,None,None
1759282824.430223,29,None,None,411.43,972.00,None,None,None,None
1759282824.454017,29,None,None,411.43,972.00,None,None,None,None
1759282824.471903,29,None,None,411.43,972.00,None,None,None,None
1759282824.508451,29,None,None,411.43,972.00,None,None,None,None
1759282824.530240,29,None,None,411.43,972.00,None,None,None,None
1759282824.557160,29,None,None,411.43,972.00,None,None,None,None
1759282824.585400,29,None,None,411.43,972.00,None,None,None,None
1759282824.605181,29,None,None,411.43,972.00,None,None,None,None
1759282824.629217,29,None,None,411.43,972.00,None,None,None,None
1759282824.653123,29,None,None,411.43,972.00,None,None,None,None
1759282824.675262,29,None,None,411.43,972.00,None,None,None,None
1759282824.695110,29,None,None,411.43,972.00,None,None,None,None
1759282824.728242,29,None,None,411.43,972.00,None,None,None,None
1759282824.746766,30,None,None,685.71,972.00,None,None,None,None
1759282824.769683,30,None,None,685.71,972.00,None,None,None,None
1759282824.803734,30,None,None,685.71,972.00,None,None,None,None
1759282824.829226,30,None,None,685.71,972.00,None,None,None,None
1759282824.846711,30,None,None,685.71,972.00,None,None,None,None
1759282824.869362,30,None,None,685.71,972.00,None,None,None,None
1759282824.896686,30,None,None,685.71,972.00,None,None,None,None
1759282824.914203,30,None,None,685.71,972.00,None,None,None,None
1759282824.945009,30,None,None,685.71,972.00,None,None,None,None
1759282824.981221,30,None,None,685.71,972.00,None,None,None,None
1759282825.005608,30,None,None,685.71,972.00,None,None,None,None
1759282825.032120,30,None,None,685.71,972.00,None,None,None,None
1759282825.055585,30,None,None,685.71,972.00,None,None,None,None
1759282825.071606,30,None,None,685.71,972.00,None,None,None,None
1759282825.093115,30,None,None,685.71,972.00,None,None,None,None
1759282825.116298,30,None,None,685.71,972.00,None,None,None,None
1759282825.137123,30,None,None,685.71,972.00,None,None,None,None
1759282825.151272,30,None,None,685.71,972.00,None,None,None,None
1759282825.177984,30,None,None,685.71,972.00,None,None,None,None
1759282825.205291,30,None,None,685.71,972.00,None,None,None,None
1759282825.220264,30,None,None,685.71,972.00,None,None,None,None
1759282825.235643,30,None,None,685.71,972.00,None,None,None,None
1759282825.259590,30,None,None,685.71,972.00,None,None,None,None
1759282825.281225,30,None,None,685.71,972.00,None,None,None,None
1759282825.296622,30,None,None,685.71,972.00,None,None,None,None
1759282825.325104,30,None,None,685.71,972.00,None,None,None,None
1759282825.341331,30,None,None,685.71,972.00,None,None,None,None
1759282825.384856,30,None,None,685.71,972.00,None,None,None,None
1759282825.411353,30,None,None,685.71,972.00,None,None,None,None
1759282825.428875,30,None,None,685.71,972.00,None,None,None,None
1759282825.461191,30,None,None,685.71,972.00,None,None,None,None
1759282825.476698,30,None,None,685.71,972.00,None,None,None,None
1759282825.496889,30,None,None,685.71,972.00,None,None,None,None
1759282825.509380,30,None,None,685.71,972.00,None,None,None,None
1759282825.524082,30,None,None,685.71,972.00,None,None,None,None
1759282825.565115,30,None,None,685.71,972.00,None,None,None,None
1759282825.585102,30,None,None,685.71,972.00,None,None,None,None
1759282825.608025,30,None,None,685.71,972.00,None,None,None,None
1759282825.634759,30,None,None,685.71,972.00,None,None,None,None
1759282825.673162,30,None,None,685.71,972.00,None,None,None,None
1759282825.693257,30,None,None,685.71,972.00,None,None,None,None
1759282825.708263,30,None,None,685.71,972.00,None,None,None,None
1759282825.733126,30,None,None,685.71,972.00,None,None,None,None
1759282825.747871,30,None,None,685.71,972.00,None,None,None,None
1759282825.769735,30,None,None,685.71,972.00,None,None,None,None
1759282825.788894,30,None,None,685.71,972.00,None,None,None,None
1759282825.809988,30,None,None,685.71,972.00,None,None,None,None
1759282825.829099,30,None,None,685.71,972.00,None,None,None,None
1759282825.856495,30,None,None,685.71,972.00,None,None,None,None
1759282825.872273,30,None,None,685.71,972.00,None,None,None,None
1759282825.887079,30,None,None,685.71,972.00,None,None,None,None
1759282825.923900,30,None,None,685.71,972.00,None,None,None,None
1759282825.957087,30,None,None,685.71,972.00,None,None,None,None
1759282825.978657,30,None,None,685.71,972.00,None,None,None,None
1759282825.992162,30,None,None,685.71,972.00,None,None,None,None
1759282826.017394,30,None,None,685.71,972.00,None,None,None,None
1759282826.037343,30,None,None,685.71,972.00,None,None,None,None
1759282826.073096,30,None,None,685.71,972.00,None,None,None,None
1759282826.097119,30,None,None,685.71,972.00,None,None,None,None
1759282826.118101,30,None,None,685.71,972.00,None,None,None,None
1759282826.145126,30,None,None,685.71,972.00,None,None,None,None
1759282826.161437,30,None,None,685.71,972.00,None,None,None,None
1759282826.183627,30,None,None,685.71,972.00,None,None,None,None
1759282826.209118,30,None,None,685.71,972.00,None,None,None,None
1759282826.229283,30,None,None,685.71,972.00,None,None,None,None
1759282826.249817,30,None,None,685.71,972.00,None,None,None,None
1759282826.271144,30,None,None,685.71,972.00,None,None,None,None
1759282826.297579,30,None,None,685.71,972.00,None,None,None,None
1759282826.319399,30,None,None,685.71,972.00,None,None,None,None
1759282826.340261,30,None,None,685.71,972.00,None,None,None,None
1759282826.364085,30,None,None,685.71,972.00,None,None,None,None
1759282826.386250,30,None,None,685.71,972.00,None,None,None,None
1759282826.409102,30,None,None,685.71,972.00,None,None,None,None
1759282826.429294,30,None,None,685.71,972.00,None,None,None,None
1759282826.453262,30,None,None,685.71,972.00,None,None,None,None
1759282826.476003,30,None,None,685.71,972.00,None,None,None,None
1759282826.499213,30,None,None,685.71,972.00,None,None,None,None
1759282826.523834,30,None,None,685.71,972.00,None,None,None,None
1759282826.544863,30,None,None,685.71,972.00,None,None,None,None
1759282826.568117,30,None,None,685.71,972.00,None,None,None,None
1759282826.592918,30,None,None,685.71,972.00,None,None,None,None
1759282826.625167,30,None,None,685.71,972.00,None,None,None,None
1759282826.657768,30,None,None,685.71,972.00,None,None,None,None
1759282826.685706,30,None,None,685.71,972.00,None,None,None,None
1759282826.705268,30,None,None,685.71,972.00,None,None,None,None
1759282826.728121,30,None,None,685.71,972.00,None,None,None,None
1759282826.745903,30,None,None,685.71,972.00,None,None,None,None
1759282826.765749,31,None,None,960.00,972.00,None,None,None,None
1759282826.790870,31,None,None,960.00,972.00,None,None,None,None
1759282826.807794,31,None,None,960.00,972.00,None,None,None,None
1759282826.841329,31,None,None,960.00,972.00,None,None,None,None
1759282826.867119,31,None,None,960.00,972.00,None,None,None,None
1759282826.892038,31,None,None,960.00,972.00,None,None,None,None
1759282826.925148,31,None,None,960.00,972.00,None,None,None,None
1759282826.939930,31,None,None,960.00,972.00,None,None,None,None
1759282826.969129,31,None,None,960.00,972.00,None,None,None,None
1759282826.993104,31,None,None,960.00,972.00,None,None,None,None
1759282827.006479,31,None,None,960.00,972.00,None,None,None,None
1759282827.020880,31,None,None,960.00,972.00,None,None,None,None
1759282827.041811,31,None,None,960.00,972.00,None,None,None,None
1759282827.070738,31,None,None,960.00,972.00,None,None,None,None
1759282827.096866,31,None,None,960.00,972.00,None,None,None,None
1759282827.122150,31,None,None,960.00,972.00,None,None,None,None
1759282827.143476,31,None,None,960.00,972.00,None,None,None,None
1759282827.164970,31,None,None,960.00,972.00,None,None,None,None
1759282827.199490,31,None,None,960.00,972.00,None,None,None,None
1759282827.214005,31,None,None,960.00,972.00,None,None,None,None
1759282827.237018,31,None,None,960.00,972.00,None,None,None,None
1759282827.257985,31,None,None,960.00,972.00,None,None,None,None
1759282827.279837,31,None,None,960.00,972.00,None,None,None,None
1759282827.292453,31,None,None,960.00,972.00,None,None,None,None
1759282827.330013,31,None,None,960.00,972.00,None,None,None,None
1759282827.354292,31,None,None,960.00,972.00,None,None,None,None
1759282827.384677,31,None,None,960.00,972.00,None,None,None,None
1759282827.402346,31,None,None,960.00,972.00,None,None,None,None
1759282827.421851,31,None,None,960.00,972.00,None,None,None,None
1759282827.453100,31,None,None,960.00,972.00,None,None,None,None
1759282827.477129,31,None,None,960.00,972.00,None,None,None,None
1759282827.493126,31,None,None,960.00,972.00,None,None,None,None
1759282827.520378,31,None,None,960.00,972.00,None,None,None,None
1759282827.545098,31,None,None,960.00,972.00,None,None,None,None
1759282827.563336,31,None,None,960.00,972.00,None,None,None,None
1759282827.581574,31,None,None,960.00,972.00,None,None,None,None
1759282827.609128,31,None,None,960.00,972.00,None,None,None,None
1759282827.632214,31,None,None,960.00,972.00,None,None,None,None
1759282827.649204,31,None,None,960.00,972.00,None,None,None,None
1759282827.669940,31,None,None,960.00,972.00,None,None,None,None
1759282827.686425,31,None,None,960.00,972.00,None,None,None,None
1759282827.702724,31,None,None,960.00,972.00,None,None,None,None
1759282827.726113,31,None,None,960.00,972.00,None,None,None,None
1759282827.753123,31,None,None,960.00,972.00,None,None,None,None
1759282827.781314,31,None,None,960.00,972.00,None,None,None,None
1759282827.794469,31,None,None,960.00,972.00,None,None,None,None
1759282827.827674,31,None,None,960.00,972.00,None,None,None,None
1759282827.852223,31,None,None,960.00,972.00,None,None,None,None
1759282827.875395,31,None,None,960.00,972.00,None,None,None,None
1759282827.901181,31,None,None,960.00,972.00,None,None,None,None
1759282827.925667,31,None,None,960.00,972.00,None,None,None,None
1759282827.957178,31,None,None,960.00,972.00,None,None,None,None
1759282827.978875,31,None,None,960.00,972.00,None,None,None,None
1759282827.996800,31,None,None,960.00,972.00,None,None,None,None
1759282828.011855,31,None,None,960.00,972.00,None,None,None,None
1759282828.026667,31,None,None,960.00,972.00,None,None,None,None
1759282828.049419,31,None,None,960.00,972.00,None,None,None,None
1759282828.071553,31,None,None,960.00,972.00,None,None,None,None
1759282828.088273,31,None,None,960.00,972.00,None,None,None,None
1759282828.103758,31,None,None,960.00,972.00,None,None,None,None
1759282828.138110,31,None,None,960.00,972.00,None,None,None,None
1759282828.157038,31,None,None,960.00,972.00,None,None,None,None
1759282828.191891,31,None,None,960.00,972.00,None,None,None,None
1759282828.208264,31,None,None,960.00,972.00,None,None,None,None
1759282828.233151,31,None,None,960.00,972.00,None,None,None,None
1759282828.253955,31,None,None,960.00,972.00,None,None,None,None
1759282828.277663,31,None,None,960.00,972.00,None,None,None,None
1759282828.316700,31,None,None,960.00,972.00,None,None,None,None
1759282828.333732,31,None,None,960.00,972.00,None,None,None,None
1759282828.349702,31,None,None,960.00,972.00,None,None,None,None
1759282828.375021,31,None,None,960.00,972.00,None,None,None,None
1759282828.402189,31,None,None,960.00,972.00,None,None,None,None
1759282828.425133,31,None,None,960.00,972.00,None,None,None,None
1759282828.446961,31,None,None,960.00,972.00,None,None,None,None
1759282828.467392,31,None,None,960.00,972.00,None,None,None,None
1759282828.483739,31,None,None,960.00,972.00,None,None,None,None
1759282828.499607,31,None,None,960.00,972.00,None,None,None,None
1759282828.529114,31,None,None,960.00,972.00,None,None,None,None
1759282828.546640,31,None,None,960.00,972.00,None,None,None,None
1759282828.560824,31,None,None,960.00,972.00,None,None,None,None
1759282828.593197,31,None,None,960.00,972.00,None,None,None,None
1759282828.619134,31,None,None,960.00,972.00,None,None,None,None
1759282828.668012,31,None,None,960.00,972.00,None,None,None,None
1759282828.685778,31,None,None,960.00,972.00,None,None,None,None
1759282828.716109,31,None,None,960.00,972.00,None,None,None,None
1759282828.742114,31,None,None,960.00,972.00,None,None,None,None
1759282828.757763,31,None,None,960.00,972.00,None,None,None,None
1759282828.788855,32,None,None,1234.29,972.00,None,None,None,None
1759282828.811583,32,None,None,1234.29,972.00,None,None,None,None
1759282828.826105,32,None,None,1234.29,972.00,None,None,None,None
1759282828.855433,32,None,None,1234.29,972.00,None,None,None,None
1759282828.881005,32,None,None,1234.29,972.00,None,None,None,None
1759282828.909171,32,None,None,1234.29,972.00,None,None,None,None
1759282828.929401,32,None,None,1234.29,972.00,None,None,None,None
1759282828.951409,32,None,None,1234.29,972.00,None,None,None,None
1759282828.979726,32,None,None,1234.29,972.00,None,None,None,None
1759282829.005247,32,None,None,1234.29,972.00,None,None,None,None
1759282829.025192,32,None,None,1234.29,972.00,None,None,None,None
1759282829.057143,32,None,None,1234.29,972.00,None,None,None,None
1759282829.076216,32,None,None,1234.29,972.00,None,None,None,None
1759282829.098585,32,None,None,1234.29,972.00,None,None,None,None
1759282829.114913,32,None,None,1234.29,972.00,None,None,None,None
1759282829.157413,32,None,None,1234.29,972.00,None,None,None,None
1759282829.183734,32,None,None,1234.29,972.00,None,None,None,None
1759282829.209296,32,None,None,1234.29,972.00,None,None,None,None
1759282829.233117,32,None,None,1234.29,972.00,None,None,None,None
1759282829.250996,32,None,None,1234.29,972.00,None,None,None,None
1759282829.266263,32,None,None,1234.29,972.00,None,None,None,None
1759282829.285865,32,None,None,1234.29,972.00,None,None,None,None
1759282829.308520,32,None,None,1234.29,972.00,None,None,None,None
1759282829.330424,32,None,None,1234.29,972.00,None,None,None,None
1759282829.342726,32,None,None,1234.29,972.00,None,None,None,None
1759282829.362688,32,None,None,1234.29,972.00,None,None,None,None
1759282829.389194,32,None,None,1234.29,972.00,None,None,None,None
1759282829.411023,32,None,None,1234.29,972.00,None,None,None,None
1759282829.437221,32,None,None,1234.29,972.00,None,None,None,None
1759282829.460201,32,None,None,1234.29,972.00,None,None,None,None
1759282829.474476,32,None,None,1234.29,972.00,None,None,None,None
1759282829.501173,32,None,None,1234.29,972.00,None,None,None,None
1759282829.533076,32,None,None,1234.29,972.00,None,None,None,None
1759282829.555514,32,None,None,1234.29,972.00,None,None,None,None
1759282829.577013,32,None,None,1234.29,972.00,None,None,None,None
1759282829.598553,32,None,None,1234.29,972.00,None,None,None,None
1759282829.617580,32,None,None,1234.29,972.00,None,None,None,None
1759282829.645128,32,None,None,1234.29,972.00,None,None,None,None
1759282829.664361,32,None,None,1234.29,972.00,None,None,None,None
1759282829.683384,32,None,None,1234.29,972.00,None,None,None,None
1759282829.699183,32,None,None,1234.29,972.00,None,None,None,None
1759282829.721174,32,None,None,1234.29,972.00,None,None,None,None
1759282829.738202,32,None,None,1234.29,972.00,None,None,None,None
1759282829.763427,32,None,None,1234.29,972.00,None,None,None,None
1759282829.782168,32,None,None,1234.29,972.00,None,None,None,None
1759282829.805658,32,None,None,1234.29,972.00,None,None,None,None
1759282829.827331,32,None,None,1234.29,972.00,None,None,None,None
1759282829.848466,32,None,None,1234.29,972.00,None,None,None,None
1759282829.862812,32,None,None,1234.29,972.00,None,None,None,None
1759282829.878049,32,None,None,1234.29,972.00,None,None,None,None
1759282829.894085,32,None,None,1234.29,972.00,None,None,None,None
1759282829.917305,32,None,None,1234.29,972.00,None,None,None,None
1759282829.934349,32,None,None,1234.29,972.00,None,None,None,None
1759282829.960034,32,None,None,1234.29,972.00,None,None,None,None
1759282829.985070,32,None,None,1234.29,972.00,None,None,None,None
1759282830.009236,32,None,None,1234.29,972.00,None,None,None,None
1759282830.064804,32,None,None,1234.29,972.00,None,None,None,None
1759282830.081661,32,None,None,1234.29,972.00,None,None,None,None
1759282830.105247,32,None,None,1234.29,972.00,None,None,None,None
1759282830.129556,32,None,None,1234.29,972.00,None,None,None,None
1759282830.144944,32,None,None,1234.29,972.00,None,None,None,None
1759282830.169405,32,None,None,1234.29,972.00,None,None,None,None
1759282830.200057,32,None,None,1234.29,972.00,None,None,None,None
1759282830.225100,32,None,None,1234.29,972.00,None,None,None,None
1759282830.248777,32,None,None,1234.29,972.00,None,None,None,None
1759282830.261664,32,None,None,1234.29,972.00,None,None,None,None
1759282830.281333,32,None,None,1234.29,972.00,None,None,None,None
1759282830.296417,32,None,None,1234.29,972.00,None,None,None,None
1759282830.329664,32,None,None,1234.29,972.00,None,None,None,None
1759282830.349270,32,None,None,1234.29,972.00,None,None,None,None
1759282830.364190,32,None,None,1234.29,972.00,None,None,None,None
1759282830.388378,32,None,None,1234.29,972.00,None,None,None,None
1759282830.412925,32,None,None,1234.29,972.00,None,None,None,None
1759282830.442424,32,None,None,1234.29,972.00,None,None,None,None
1759282830.468341,32,None,None,1234.29,972.00,None,None,None,None
1759282830.497159,32,None,None,1234.29,972.00,None,None,None,None
1759282830.519238,32,None,None,1234.29,972.00,None,None,None,None
1759282830.543015,32,None,None,1234.29,972.00,None,None,None,None
1759282830.568168,32,None,None,1234.29,972.00,None,None,None,None
1759282830.597188,32,None,None,1234.29,972.00,None,None,None,None
1759282830.610687,32,None,None,1234.29,972.00,None,None,None,None
1759282830.635368,32,None,None,1234.29,972.00,None,None,None,None
1759282830.664609,32,None,None,1234.29,972.00,None,None,None,None
1759282830.697653,32,None,None,1234.29,972.00,None,None,None,None
1759282830.721646,32,None,None,1234.29,972.00,None,None,None,None
1759282830.745214,32,None,None,1234.29,972.00,None,None,None,None
1759282830.764633,32,None,None,1234.29,972.00,None,None,None,None
1759282830.795555,33,None,None,1508.57,972.00,None,None,None,None
1759282830.808668,33,None,None,1508.57,972.00,None,None,None,None
1759282830.830419,33,None,None,1508.57,972.00,None,None,None,None
1759282830.854144,33,None,None,1508.57,972.00,None,None,None,None
1759282830.876630,33,None,None,1508.57,972.00,None,None,None,None
1759282830.891250,33,None,None,1508.57,972.00,None,None,None,None
1759282830.917642,33,None,None,1508.57,972.00,None,None,None,None
1759282830.942489,33,None,None,1508.57,972.00,None,None,None,None
1759282830.968333,33,None,None,1508.57,972.00,None,None,None,None
1759282830.993215,33,None,None,1508.57,972.00,None,None,None,None
1759282831.008266,33,None,None,1508.57,972.00,None,None,None,None
1759282831.037282,33,None,None,1508.57,972.00,None,None,None,None
1759282831.061225,33,None,None,1508.57,972.00,None,None,None,None
1759282831.079190,33,None,None,1508.57,972.00,None,None,None,None
1759282831.109064,33,None,None,1508.57,972.00,None,None,None,None
1759282831.125767,33,None,None,1508.57,972.00,None,None,None,None
1759282831.147725,33,None,None,1508.57,972.00,None,None,None,None
1759282831.161169,33,None,None,1508.57,972.00,None,None,None,None
1759282831.181465,33,None,None,1508.57,972.00,None,None,None,None
1759282831.205360,33,None,None,1508.57,972.00,None,None,None,None
1759282831.221823,33,None,None,1508.57,972.00,None,None,None,None
1759282831.237102,33,None,None,1508.57,972.00,None,None,None,None
1759282831.253715,33,None,None,1508.57,972.00,None,None,None,None
1759282831.271976,33,None,None,1508.57,972.00,None,None,None,None
1759282831.293279,33,None,None,1508.57,972.00,None,None,None,None
1759282831.316180,33,None,None,1508.57,972.00,None,None,None,None
1759282831.344064,33,None,None,1508.57,972.00,None,None,None,None
1759282831.369373,33,None,None,1508.57,972.00,None,None,None,None
1759282831.384518,33,None,None,1508.57,972.00,None,None,None,None
1759282831.405132,33,None,None,1508.57,972.00,None,None,None,None
1759282831.432030,33,None,None,1508.57,972.00,None,None,None,None
1759282831.450566,33,None,None,1508.57,972.00,None,None,None,None
1759282831.476676,33,None,None,1508.57,972.00,None,None,None,None
1759282831.500598,33,None,None,1508.57,972.00,None,None,None,None
1759282831.522211,33,None,None,1508.57,972.00,None,None,None,None
1759282831.549080,33,None,None,1508.57,972.00,None,None,None,None
1759282831.576000,33,None,None,1508.57,972.00,None,None,None,None
1759282831.596995,33,None,None,1508.57,972.00,None,None,None,None
1759282831.621078,33,None,None,1508.57,972.00,None,None,None,None
1759282831.649127,33,None,None,1508.57,972.00,None,None,None,None
1759282831.666055,33,None,None,1508.57,972.00,None,None,None,None
1759282831.681577,33,None,None,1508.57,972.00,None,None,None,None
1759282831.708372,33,None,None,1508.57,972.00,None,None,None,None
1759282831.733483,33,None,None,1508.57,972.00,None,None,None,None
1759282831.768449,33,None,None,1508.57,972.00,None,None,None,None
1759282831.793973,33,None,None,1508.57,972.00,None,None,None,None
1759282831.808105,33,None,None,1508.57,972.00,None,None,None,None
1759282831.824877,33,None,None,1508.57,972.00,None,None,None,None
1759282831.858814,33,None,None,1508.57,972.00,None,None,None,None
1759282831.877100,33,None,None,1508.57,972.00,None,None,None,None
1759282831.892030,33,None,None,1508.57,972.00,None,None,None,None
1759282831.921166,33,None,None,1508.57,972.00,None,None,None,None
1759282831.949096,33,None,None,1508.57,972.00,None,None,None,None
1759282831.971835,33,None,None,1508.57,972.00,None,None,None,None
1759282831.990394,33,None,None,1508.57,972.00,None,None,None,None
1759282832.017063,33,None,None,1508.57,972.00,None,None,None,None
1759282832.048034,33,None,None,1508.57,972.00,None,None,None,None
1759282832.062440,33,None,None,1508.57,972.00,None,None,None,None
1759282832.089195,33,None,None,1508.57,972.00,None,None,None,None
1759282832.113795,33,None,None,1508.57,972.00,None,None,None,None
1759282832.130683,33,None,None,1508.57,972.00,None,None,None,None
1759282832.157353,33,None,None,1508.57,972.00,None,None,None,None
1759282832.178904,33,None,None,1508.57,972.00,None,None,None,None
1759282832.196422,33,None,None,1508.57,972.00,None,None,None,None
1759282832.227390,33,None,None,1508.57,972.00,None,None,None,None
1759282832.255003,33,None,None,1508.57,972.00,None,None,None,None
1759282832.269562,33,None,None,1508.57,972.00,None,None,None,None
1759282832.285026,33,None,None,1508.57,972.00,None,None,None,None
1759282832.300099,33,None,None,1508.57,972.00,None,None,None,None
1759282832.325274,33,None,None,1508.57,972.00,None,None,None,None
1759282832.338257,33,None,None,1508.57,972.00,None,None,None,None
1759282832.358457,33,None,None,1508.57,972.00,None,None,None,None
1759282832.388706,33,None,None,1508.57,972.00,None,None,None,None
1759282832.405161,33,None,None,1508.57,972.00,None,None,None,None
1759282832.429177,33,None,None,1508.57,972.00,None,None,None,None
1759282832.447451,33,None,None,1508.57,972.00,None,None,None,None
1759282832.472841,33,None,None,1508.57,972.00,None,None,None,None
1759282832.508313,33,None,None,1508.57,972.00,None,None,None,None
1759282832.530802,33,None,None,1508.57,972.00,None,None,None,None
1759282832.552475,33,None,None,1508.57,972.00,None,None,None,None
1759282832.576386,33,None,None,1508.57,972.00,None,None,None,None
1759282832.595534,33,None,None,1508.57,972.00,None,None,None,None
1759282832.614415,33,None,None,1508.57,972.00,None,None,None,None
1759282832.641674,33,None,None,1508.57,972.00,None,None,None,None
1759282832.671268,33,None,None,1508.57,972.00,None,None,None,None
1759282832.696636,33,None,None,1508.57,972.00,None,None,None,None
1759282832.722122,33,None,None,1508.57,972.00,None,None,None,None
1759282832.738453,33,None,None,1508.57,972.00,None,None,None,None
1759282832.761094,33,None,None,1508.57,972.00,None,None,None,None
1759282832.792251,33,None,None,1508.57,972.00,None,None,None,None
1759282832.808615,34,None,None,1782.86,972.00,None,None,None,None
1759282832.824462,34,None,None,1782.86,972.00,None,None,None,None
1759282832.853132,34,None,None,1782.86,972.00,None,None,None,None
1759282832.873701,34,None,None,1782.86,972.00,None,None,None,None
1759282832.905284,34,None,None,1782.86,972.00,None,None,None,None
1759282832.936228,34,None,None,1782.86,972.00,None,None,None,None
1759282832.960969,34,None,None,1782.86,972.00,None,None,None,None
1759282832.990862,34,None,None,1782.86,972.00,None,None,None,None
1759282833.007969,34,None,None,1782.86,972.00,None,None,None,None
1759282833.032875,34,None,None,1782.86,972.00,None,None,None,None
1759282833.048775,34,None,None,1782.86,972.00,None,None,None,None
1759282833.074313,34,None,None,1782.86,972.00,None,None,None,None
1759282833.097124,34,None,None,1782.86,972.00,None,None,None,None
1759282833.121092,34,None,None,1782.86,972.00,None,None,None,None
1759282833.143163,34,None,None,1782.86,972.00,None,None,None,None
1759282833.158126,34,None,None,1782.86,972.00,None,None,None,None
1759282833.185106,34,None,None,1782.86,972.00,None,None,None,None
1759282833.207657,34,None,None,1782.86,972.00,None,None,None,None
1759282833.244609,34,None,None,1782.86,972.00,None,None,None,None
1759282833.265119,34,None,None,1782.86,972.00,None,None,None,None
1759282833.278624,34,None,None,1782.86,972.00,None,None,None,None
1759282833.291191,34,None,None,1782.86,972.00,None,None,None,None
1759282833.329394,34,None,None,1782.86,972.00,None,None,None,None
1759282833.349453,34,None,None,1782.86,972.00,None,None,None,None
1759282833.364244,34,None,None,1782.86,972.00,None,None,None,None
1759282833.401111,34,None,None,1782.86,972.00,None,None,None,None
1759282833.422699,34,None,None,1782.86,972.00,None,None,None,None
1759282833.436804,34,None,None,1782.86,972.00,None,None,None,None
1759282833.461128,34,None,None,1782.86,972.00,None,None,None,None
1759282833.480261,34,None,None,1782.86,972.00,None,None,None,None
1759282833.500399,34,None,None,1782.86,972.00,None,None,None,None
1759282833.515988,34,None,None,1782.86,972.00,None,None,None,None
1759282833.547366,34,None,None,1782.86,972.00,None,None,None,None
1759282833.574959,34,None,None,1782.86,972.00,None,None,None,None
1759282833.598175,34,None,None,1782.86,972.00,None,None,None,None
1759282833.614736,34,None,None,1782.86,972.00,None,None,None,None
1759282833.634218,34,None,None,1782.86,972.00,None,None,None,None
1759282833.656895,34,None,None,1782.86,972.00,None,None,None,None
1759282833.672105,34,None,None,1782.86,972.00,None,None,None,None
1759282833.689829,34,None,None,1782.86,972.00,None,None,None,None
1759282833.710003,34,None,None,1782.86,972.00,None,None,None,None
1759282833.727539,34,None,None,1782.86,972.00,None,None,None,None
1759282833.744269,34,None,None,1782.86,972.00,None,None,None,None
1759282833.775361,34,None,None,1782.86,972.00,None,None,None,None
1759282833.799323,34,None,None,1782.86,972.00,None,None,None,None
1759282833.819032,34,None,None,1782.86,972.00,None,None,None,None
1759282833.852273,34,None,None,1782.86,972.00,None,None,None,None
1759282833.877774,34,None,None,1782.86,972.00,None,None,None,None
1759282833.906932,34,None,None,1782.86,972.00,None,None,None,None
1759282833.933095,34,None,None,1782.86,972.00,None,None,None,None
1759282833.948191,34,None,None,1782.86,972.00,None,None,None,None
1759282833.973192,34,None,None,1782.86,972.00,None,None,None,None
1759282833.993733,34,None,None,1782.86,972.00,None,None,None,None
1759282834.015250,34,None,None,1782.86,972.00,None,None,None,None
1759282834.028940,34,None,None,1782.86,972.00,None,None,None,None
1759282834.057097,34,None,None,1782.86,972.00,None,None,None,None
1759282834.077115,34,None,None,1782.86,972.00,None,None,None,None
1759282834.093288,34,None,None,1782.86,972.00,None,None,None,None
1759282834.129083,34,None,None,1782.86,972.00,None,None,None,None
1759282834.150795,34,None,None,1782.86,972.00,None,None,None,None
1759282834.189810,34,None,None,1782.86,972.00,None,None,None,None
1759282834.217210,34,None,None,1782.86,972.00,None,None,None,None
1759282834.237887,34,None,None,1782.86,972.00,None,None,None,None
1759282834.261187,34,None,None,1782.86,972.00,None,None,None,None
1759282834.289484,34,None,None,1782.86,972.00,None,None,None,None
1759282834.310980,34,None,None,1782.86,972.00,None,None,None,None
1759282834.333187,34,None,None,1782.86,972.00,None,None,None,None
1759282834.349485,34,None,None,1782.86,972.00,None,None,None,None
1759282834.360704,34,None,None,1782.86,972.00,None,None,None,None
1759282834.379650,34,None,None,1782.86,972.00,None,None,None,None
1759282834.398697,34,None,None,1782.86,972.00,None,None,None,None
1759282834.413489,34,None,None,1782.86,972.00,None,None,None,None
1759282834.437176,34,None,None,1782.86,972.00,None,None,None,None
1759282834.463105,34,None,None,1782.86,972.00,None,None,None,None
1759282834.475462,34,None,None,1782.86,972.00,None,None,None,None
1759282834.489419,34,None,None,1782.86,972.00,None,None,None,None
1759282834.508265,34,None,None,1782.86,972.00,None,None,None,None
1759282834.533412,34,None,None,1782.86,972.00,None,None,None,None
1759282834.549849,34,None,None,1782.86,972.00,None,None,None,None
1759282834.574981,34,None,None,1782.86,972.00,None,None,None,None
1759282834.600261,34,None,None,1782.86,972.00,None,None,None,None
1759282834.616087,34,None,None,1782.86,972.00,None,None,None,None
1759282834.634660,34,None,None,1782.86,972.00,None,None,None,None
1759282834.664524,34,None,None,1782.86,972.00,None,None,None,None
1759282834.683466,34,None,None,1782.86,972.00,None,None,None,None
1759282834.714658,34,None,None,1782.86,972.00,None,None,None,None
1759282834.742811,34,None,None,1782.86,972.00,None,None,None,None
1759282834.765206,34,None,None,1782.86,972.00,None,None,None,None
1759282834.793222,34,None,None,1782.86,972.00,None,None,None,None
